CICALineCode,CICAStationCode,CICACompanyName,CICALineName,CICAStationName,CICANote
0,2,奈良交通,,油阪船橋商店街前,
0,4,奈良交通,,県庁前,
0,5,奈良交通,,県庁東,
0,6,奈良交通,,氷室神社・国立博物館,
0,7,奈良交通,,大仏殿春日大社前,
0,8,奈良交通,,春日大社表参道,
0,9,奈良交通,,破石町,
0,11,奈良交通,,幸町,
0,12,奈良交通,,紀寺町,
0,13,奈良交通,,田中町,
0,14,奈良交通,,北京終町,
0,15,奈良交通,,綿町,
0,16,奈良交通,,八軒町,
0,17,奈良交通,,瓦町,
0,18,奈良交通,,大森町,
0,19,奈良交通,,三条川崎町,
0,21,奈良交通,,西木辻,
0,22,奈良交通,,南袋町,
0,23,奈良交通,,本子守町,
0,25,奈良交通,,内侍原町,
0,26,奈良交通,,佐保橋,
0,27,奈良交通,,法蓮仲町,
0,28,奈良交通,,育英学園,
0,29,奈良交通,,佐保小学校,
0,30,奈良交通,,奈良高校,
0,31,奈良交通,,教育大附属中学校,
0,32,奈良交通,,一条高校前,
0,33,奈良交通,,法華寺前,
0,34,奈良交通,,法華寺北町,
0,35,奈良交通,,航空自衛隊,
0,36,奈良交通,,不退寺口,
0,37,奈良交通,,近鉄奈良駅,
0,39,奈良交通,,福智院町,
0,42,奈良交通,,杉ヶ中町,
0,43,奈良交通,,北神殿,
0,44,奈良交通,,南京終町,
0,45,奈良交通,,大安寺,
0,51,奈良交通,,黒髪奈保町,
0,52,奈良交通,,ドリームランド前,
0,53,奈良交通,,市営球場前,
0,54,奈良交通,,鴻池,
0,55,奈良交通,,大宮町一丁目,
0,56,奈良交通,,大宮町五丁目,
0,57,奈良交通,,新大宮駅,
0,58,奈良交通,,奈良市庁前,
0,59,奈良交通,,宮跡庭園,旧史跡文化センター時のコード
0,60,奈良交通,,奈良市庁前（南）,
0,61,奈良交通,,四条大路二丁目,
0,62,奈良交通,,柏木町,
0,63,奈良交通,,柏木町南,
0,64,奈良交通,,大安寺西二丁目,
0,65,奈良交通,,大安寺西口,
0,66,奈良交通,,恋の窪町南口,
0,67,奈良交通,,恋の窪町,
0,69,奈良交通,,都跡小学校,
0,71,奈良交通,,二条大路南五丁目,
0,72,奈良交通,,簡保センター前,
0,73,奈良交通,,二条町二丁目,
0,74,奈良交通,,二条町,
0,75,奈良交通,,佐紀町,
0,76,奈良交通,,平城宮跡,
0,77,奈良交通,,新大宮駅北口,
0,78,奈良交通,,東大寺大仏殿,
0,79,奈良交通,,県新公会堂,
0,80,奈良交通,,春日大社本殿,
0,81,奈良交通,,押上町,
0,81,奈良交通,,王寺駅,名称は駅すぱあとによる
0,82,奈良交通,,今小路,
0,83,奈良交通,,手貝町,
0,84,奈良交通,,今在家,
0,85,奈良交通,,東之阪町,
0,86,奈良交通,,般若寺,
0,87,奈良交通,,奈良阪南口,
0,88,奈良交通,,奈良阪,
0,89,奈良交通,,青山二丁目,
0,90,奈良交通,,青山四丁目,
0,91,奈良交通,,青山六丁目,
0,92,奈良交通,,青山七丁目,
0,93,奈良交通,,青山住宅,
0,94,奈良交通,,奈保山御陵,
0,95,奈良交通,,奈良ホテル,
0,96,奈良交通,,櫟本,
0,97,奈良交通,,奈良阪町北,
0,99,奈良交通,,ＪＲ奈良駅西口,
0,100,奈良交通,,JR奈良駅,
0,102,奈良交通,,俵口,
0,103,奈良交通,,東松が丘,
0,104,奈良交通,,生駒郵便局,
0,105,奈良交通,,ジャスコ生駒店前,
0,106,奈良交通,,生駒駅南口,
0,107,奈良交通,,東生駒駅,
0,108,奈良交通,,東生駒一丁目,
0,109,奈良交通,,帝塚山大学前,
0,110,奈良交通,,鳥見町一丁目,
0,111,奈良交通,,三松橋,
0,112,奈良交通,,三松北口,
0,113,奈良交通,,二名,
0,114,奈良交通,,平野橋,
0,115,奈良交通,,上町高樋,
0,116,奈良交通,,安養寺橋,
0,117,奈良交通,,掛橋,
0,118,奈良交通,,真弓1丁目,
0,119,奈良交通,,真弓二丁目,
0,120,奈良交通,,真弓三丁目,
0,121,奈良交通,,真弓四丁目,
0,122,奈良交通,,松陽台二丁目,
0,123,奈良交通,,西登美ヶ丘四丁目,
0,124,奈良交通,,西登美ヶ丘二丁目,
0,126,奈良交通,,登美ヶ丘三丁目,
0,127,奈良交通,,登美ヶ丘二丁目,
0,128,奈良交通,,東生駒北第１公園,
0,129,奈良交通,,鶴舞町六丁目,
0,130,奈良交通,,鶴舞町二丁目,
0,131,奈良交通,,鶴舞町一丁目,
0,132,奈良交通,,近鉄学園前駅,
0,133,奈良交通,,学園南三丁目,
0,134,奈良交通,,西郊住宅前,
0,135,奈良交通,,学園大和町,
0,136,奈良交通,,学園大和町南,
0,137,奈良交通,,阪奈宝来,
0,138,奈良交通,,阪奈菅原,
0,139,奈良交通,,二条大路南四丁目,
0,140,奈良交通,,二条大路南二丁目,
0,141,奈良交通,,国道杏,
0,142,奈良交通,,下三橋町東,
0,143,奈良交通,,美濃庄町西,
0,144,奈良交通,,大江町,
0,145,奈良交通,,発志院西,
0,146,奈良交通,,小瀬保健福祉ゾーン,
0,147,奈良交通,,国道横田,
0,148,奈良交通,,小瀬,
0,155,奈良交通,,二条大路南一丁目,
0,156,奈良交通,,奈良国際ゴルフ場前,
0,157,奈良交通,,学園大和町二丁目,
0,158,奈良交通,,学園大和町三丁目,
0,159,奈良交通,,学園大和町四丁目,
0,160,奈良交通,,学園大和町五丁目,
0,161,奈良交通,,壱分,
0,162,奈良交通,,藤の木台一丁目,
0,163,奈良交通,,藤の木台二丁目,
0,164,奈良交通,,東坂,
0,165,奈良交通,,赤膚山,
0,166,奈良交通,,北法華寺町,
0,167,奈良交通,,西大寺駅,
0,168,奈良交通,,白土町,
0,169,奈良交通,,西白庭台二丁目,
0,170,奈良交通,,番匠田中,
0,171,奈良交通,,井戸野町,
0,172,奈良交通,,美濃庄,
0,173,奈良交通,,シャープ前,
0,174,奈良交通,,上三橋,
0,175,奈良交通,,北の庄,
0,176,奈良交通,,永井町,
0,177,奈良交通,,神殿,
0,178,奈良交通,,梅谷口,
0,179,奈良交通,,市坂南口,
0,180,奈良交通,,市坂,
0,181,奈良交通,,川原田,
0,182,奈良交通,,木津,
0,183,奈良交通,,泉大橋,
0,184,奈良交通,,上狛,
0,185,奈良交通,,上狛車庫前,
0,186,奈良交通,,西椿井,
0,187,奈良交通,,高麗,
0,188,奈良交通,,西白庭台一丁目,
0,189,奈良交通,,しらたに公園,
0,195,奈良交通,,学園大和町一丁目,
0,196,奈良交通,,学園中三丁目,
0,197,奈良交通,,鹿ノ台東一丁目（国道筋）,
0,198,奈良交通,,東市地域ふれあい会館,
0,200,奈良交通,,奈良帝塚山ヒルズ,
0,205,奈良交通,,四ツ谷池,
0,206,奈良交通,,向島駅,
0,207,奈良交通,,上島南,
0,208,奈良交通,,京都文教前,
0,209,奈良交通,,目川,
0,210,奈良交通,,大川原,
0,211,奈良交通,,梅の郷月ヶ瀬温泉,
0,212,奈良交通,,尾山診療所前,
0,213,奈良交通,,奈良市都祁交流センター,
0,214,奈良交通,,奈良大学構内,
0,215,奈良交通,,寺脇,
0,216,奈良交通,,石打,
0,217,奈良交通,,御影,
0,218,奈良交通,,明日香小山,
0,219,奈良交通,,明日香奥山,
0,220,奈良交通,,中之庄,
0,221,奈良交通,,吉田,
0,222,奈良交通,,広瀬口,
0,223,奈良交通,,片平,
0,224,奈良交通,,奥出口,
0,225,奈良交通,,葛尾,
0,226,奈良交通,,広瀬橋,
0,227,奈良交通,,鵜山,
0,232,奈良交通,,北添川,
0,233,奈良交通,,南添川,
0,234,奈良交通,,三条大宮町,
0,235,奈良交通,,三笠中学校前,
0,236,奈良交通,,東九条町東,
0,237,奈良交通,,東九条町,
0,238,奈良交通,,辰市農協,
0,239,奈良交通,,西九条町,
0,240,奈良交通,,大和ハウス前,
0,241,奈良交通,,杏南町,
0,242,奈良交通,,高畑町,
0,243,奈良交通,,高畑住宅前,
0,244,奈良交通,,萩ヶ丘町,
0,245,奈良交通,,護国神社,
0,246,奈良交通,,春日苑住宅,
0,247,奈良交通,,東市小学校,
0,248,奈良交通,,南古市,
0,249,奈良交通,,藤原町,
0,250,奈良交通,,八島町,
0,251,奈良交通,,円照寺,
0,252,奈良交通,,山村町,
0,253,奈良交通,,藤原台,
0,254,奈良交通,,奈良佐保短期大学,
0,255,奈良交通,,鹿野園町,
0,256,奈良交通,,川上町,
0,257,奈良交通,,川上東町,
0,258,奈良交通,,飯守町,
0,259,奈良交通,,緑ヶ丘浄水場前,
0,260,奈良交通,,長尾町,
0,261,奈良交通,,下中の川,
0,262,奈良交通,,法用口,
0,263,奈良交通,,平清水口,
0,264,奈良交通,,大慈仙,
0,265,奈良交通,,円成寺口,
0,266,奈良交通,,忍辱山,
0,267,奈良交通,,大柳生口,
0,268,奈良交通,,大柳生,
0,269,奈良交通,,大柳生小学校前,
0,270,奈良交通,,阪原,
0,271,奈良交通,,阪原中村,
0,272,奈良交通,,阪原北出,
0,273,奈良交通,,柳生,
0,274,奈良交通,,下興が原,
0,275,奈良交通,,興が原,
0,276,奈良交通,,邑地口,
0,277,奈良交通,,邑地,
0,278,奈良交通,,邑地中村,
0,279,奈良交通,,興東中学校,
0,280,奈良交通,,中の川,
0,281,奈良交通,,浄瑠璃寺南口,
0,282,奈良交通,,東鳴川,
0,283,奈良交通,,岩船寺口,
0,284,奈良交通,,綾吾谷,
0,285,奈良交通,,南之庄,
0,286,奈良交通,,北村,
0,287,奈良交通,,須川,
0,288,奈良交通,,両,
0,289,奈良交通,,上狭川,
0,290,奈良交通,,狭川,
0,291,奈良交通,,下狭川,
0,292,奈良交通,,広岡,
0,293,奈良交通,,和楽園,
0,295,奈良交通,,県立図書情報館,
0,296,奈良交通,,白毫寺,
0,297,奈良交通,,尾上町,
0,298,奈良交通,,奈良春日病院前,
0,299,奈良交通,,岩渕寺口,
0,300,奈良交通,,須山,
0,301,奈良交通,,田原御陵前,
0,302,奈良交通,,矢田原口,
0,303,奈良交通,,茗荷,
0,304,奈良交通,,田原横田,
0,305,奈良交通,,田原大野,
0,306,奈良交通,,日笠,
0,307,奈良交通,,別所・曙光,
0,308,奈良交通,,上水間,
0,309,奈良交通,,下水間,
0,310,奈良交通,,沓掛,
0,311,奈良交通,,南出,
0,312,奈良交通,,大平尾上出,
0,313,奈良交通,,大平尾,
0,314,奈良交通,,室津,
0,315,奈良交通,,松尾,
0,316,奈良交通,,大君,
0,317,奈良交通,,大橋,
0,318,奈良交通,,北野小学校前,
0,319,奈良交通,,北野口,
0,320,奈良交通,,神野山登山口,
0,321,奈良交通,,北野,
0,322,奈良交通,,下杣ノ川,
0,323,奈良交通,,上杣ノ川,
0,324,奈良交通,,JR郡山駅,
0,325,奈良交通,,小泉駅東口,
0,326,奈良交通,,水間学校前,
0,327,奈良交通,,三橋,
0,328,奈良交通,,三条大路一丁目,
0,329,奈良交通,,三条大路二丁目,
0,330,奈良交通,,三条大路四丁目,
0,332,奈良交通,,唐招提寺東口,
0,333,奈良交通,,唐招提寺,
0,334,奈良交通,,薬師寺,
0,335,奈良交通,,西の京駅,
0,336,奈良交通,,六条柳町,
0,337,奈良交通,,奥柳,
0,338,奈良交通,,六条西町,
0,339,奈良交通,,六条山,
0,340,奈良交通,,薬師寺東口,
0,341,奈良交通,,薬師寺駐車場,
0,342,奈良交通,,尼ヶ辻駅,
0,343,奈良交通,,宝来東口,
0,344,奈良交通,,県立奈良病院口,
0,345,奈良交通,,宝来,
0,346,奈良交通,,畑,
0,347,奈良交通,,中町東坂,
0,349,奈良交通,,熊取,
0,351,奈良交通,,藤の木,
0,352,奈良交通,,霊山寺,
0,353,奈良交通,,富雄中山,
0,354,奈良交通,,三碓,
0,355,奈良交通,,富雄中学校前,
0,356,奈良交通,,三松北口,
0,357,奈良交通,,砂茶屋,
0,358,奈良交通,,三条大路五丁目,
0,359,奈良交通,,学園前駅,
0,360,奈良交通,,県立奈良病院前,
0,361,奈良交通,,近鉄郡山駅,
0,362,奈良交通,,郡山市役所前,
0,363,奈良交通,,やまと郡山城ホール,
0,364,奈良交通,,郡山天理教前,
0,365,奈良交通,,大職冠,
0,366,奈良交通,,矢田筋,
0,367,奈良交通,,矢田口町西口,
0,368,奈良交通,,外川町,
0,369,奈良交通,,奈良高専前,
0,370,奈良交通,,矢田東山,
0,371,奈良交通,,横山口,
0,372,奈良交通,,市営グランド前,
0,373,奈良交通,,矢田山町,
0,374,奈良交通,,新町,
0,375,奈良交通,,泉原町,
0,376,奈良交通,,矢田,
0,377,奈良交通,,矢田寺前,
0,378,奈良交通,,泉原南口,
0,379,奈良交通,,松尾寺口,
0,380,奈良交通,,小泉出屋敷,
0,381,奈良交通,,法起寺前,
0,382,奈良交通,,中宮寺東口,
0,383,奈良交通,,中宮寺前,
0,384,奈良交通,,畑ノ前公園,
0,385,奈良交通,,トチノキ通り,
0,387,奈良交通,,学研都市精華台,
0,388,奈良交通,,精華台五丁目,
0,389,奈良交通,,桃香野口,
0,390,奈良交通,,桃香野,
0,391,奈良交通,,太郎谷,
0,392,奈良交通,,月ノ瀬,
0,393,奈良交通,,嵩口,
0,394,奈良交通,,月瀬橋,月ヶ瀬梅林観梅バスでは（臨時停留所）月ヶ瀬観光会館前
0,395,奈良交通,,尾山,
0,397,奈良交通,,太子一丁目,
0,398,奈良交通,,柳生小学校前,
0,399,奈良交通,,正木坂,
0,400,奈良交通,,山脇,
0,401,奈良交通,,辻村,
0,402,奈良交通,,下尾羽根,
0,403,奈良交通,,尾羽根,
0,404,奈良交通,,大保,
0,405,奈良交通,,柳生丹生,
0,406,奈良交通,,上牧出合,
0,407,奈良交通,,北野山,
0,408,奈良交通,,邑地上出口,
0,409,奈良交通,,邑地上出,
0,410,奈良交通,,神田,
0,411,奈良交通,,水越神社前,
0,412,奈良交通,,白藤学園,
0,413,奈良交通,,三条添川町,
0,414,奈良交通,,菅原神社前,
0,415,奈良交通,,伏見小学校前,
0,416,奈良交通,,疋田,
0,417,奈良交通,,あやめ池南団地,
0,418,奈良交通,,三輪神社前,
0,419,奈良交通,,あやめ池南六丁目,
0,420,奈良交通,,蛙股池,
0,421,奈良交通,,あやめ池駅,
0,422,奈良交通,,菅原西町,
0,423,奈良交通,,紀寺住宅前,
0,424,奈良交通,,南方町,
0,425,奈良交通,,古市,
0,426,奈良交通,,穴栗神社前,
0,427,奈良交通,,横井,
0,428,奈良交通,,下山,
0,429,奈良交通,,納戸原,
0,430,奈良交通,,上山,
0,431,奈良交通,,精華学院前,
0,432,奈良交通,,柳茶屋,
0,433,奈良交通,,高樋中町,
0,434,奈良交通,,高樋町,
0,435,奈良交通,,精華小学校前,
0,436,奈良交通,,椿尾町,
0,437,奈良交通,,興隆寺町,
0,438,奈良交通,,中畑町,
0,439,奈良交通,,米谷町,
0,440,奈良交通,,杏中町,
0,441,奈良交通,,八条町四丁目,
0,442,奈良交通,,八条町一丁目,
0,443,奈良交通,,八条町地蔵前,
0,444,奈良交通,,宮の森町西口,
0,445,奈良交通,,宮の森町東口,
0,446,奈良交通,,精華台四丁目,
0,447,奈良交通,,三条桧町,
0,448,奈良交通,,恋の窪町一丁目,
0,449,奈良交通,,恋の窪町二丁目,
0,450,奈良交通,,済生会奈良病院,
0,451,奈良交通,,六条幼稚園東口,
0,452,奈良交通,,五条山団地,
0,453,奈良交通,,五条山新町,
0,454,奈良交通,,五条山新町一丁目,
0,455,奈良交通,,加茂駅,
0,456,奈良交通,,加茂草畑,
0,457,奈良交通,,南加茂台一丁目,
0,458,奈良交通,,南加茂台二丁目,
0,459,奈良交通,,南加茂台五丁目,
0,460,奈良交通,,塚穴公園,
0,461,奈良交通,,京内橋,
0,462,奈良交通,,高田東口,
0,463,奈良交通,,脇田,
0,464,奈良交通,,浄瑠璃寺口,
0,465,奈良交通,,高田西口,
0,466,奈良交通,,鶉原,
0,467,奈良交通,,上梅谷,
0,468,奈良交通,,下梅谷,
0,469,奈良交通,,木津南ソレイユ,
0,470,奈良交通,,高の原駅,
0,471,奈良交通,,平城高校,
0,472,奈良交通,,朱雀第一住宅,
0,473,奈良交通,,朱雀保育園,
0,474,奈良交通,,朱雀六丁目,
0,475,奈良交通,,平城大橋,
0,476,奈良交通,,佐保台西口,
0,477,奈良交通,,佐保台二丁目,
0,478,奈良交通,,佐保台三丁目,
0,479,奈良交通,,佐保台東口,
0,480,奈良交通,,高の原ゴルフセンター前,
0,481,奈良交通,,平城山駅東口,
0,482,奈良交通,,右京二丁目,
0,483,奈良交通,,右京三丁目,
0,484,奈良交通,,奈良大学,
0,485,奈良交通,,神功南口,
0,486,奈良交通,,県営平城住宅前,
0,487,奈良交通,,押熊北口,
0,488,奈良交通,,東登美ヶ丘一丁目,
0,489,奈良交通,,東登美ヶ丘一丁目西口,
0,490,奈良交通,,登美ヶ丘五丁目,
0,491,奈良交通,,精華台三丁目,
0,492,奈良交通,,東登美ヶ丘六丁目東,
0,493,奈良交通,,東登美ヶ丘六丁目,
0,494,奈良交通,,東登美ヶ丘五丁目,
0,495,奈良交通,,東登美ヶ丘四丁目,
0,496,奈良交通,,中登美ヶ丘二丁目,
0,497,奈良交通,,左京六丁目,
0,498,奈良交通,,総合福祉センター,
0,499,奈良交通,,左京四丁目,
0,500,奈良交通,,朱雀四丁目,
0,501,奈良交通,,朱雀五丁目,
0,502,奈良交通,,ならやま研究パーク,
0,502,奈良交通,,ならやま研究パーク,
0,503,奈良交通,,左京二丁目,
0,504,奈良交通,,神功四丁目,
0,505,奈良交通,,神功三丁目,
0,506,奈良交通,,右京四丁目,
0,507,奈良交通,,右京五丁目,
0,508,奈良交通,,兜台一丁目西,
0,509,奈良交通,,兜台一丁目,
0,510,奈良交通,,右京小学校,
0,511,奈良交通,,右京一丁目,
0,512,奈良交通,,東大寺学園,
0,513,奈良交通,,兜台五丁目,
0,514,奈良交通,,精華桜が丘二丁目,
0,515,奈良交通,,精華桜が丘四丁目,
0,516,奈良交通,,精華桜が丘三丁目,
0,517,奈良交通,,兜台三丁目,
0,518,奈良交通,,兜台二丁目,
0,519,奈良交通,,山田川駅,
0,520,奈良交通,,ハイタッチ・リサーチパーク,
0,535,奈良交通,,井平尾,
0,536,奈良交通,,平岡,
0,537,奈良交通,,岡崎（加茂）,
0,538,奈良交通,,恭仁大橋,
0,539,奈良交通,,中森,
0,540,奈良交通,,東大野,
0,541,奈良交通,,加茂大野,
0,542,奈良交通,,法花寺野,
0,543,奈良交通,,鹿背山,
0,544,奈良交通,,白口,
0,545,奈良交通,,宮之堀,
0,546,奈良交通,,木津駅,
0,547,奈良交通,,木津町役場前,
0,548,奈良交通,,木津本町,
0,549,奈良交通,,神田（木津町）,
0,550,奈良交通,,南後背,
0,551,奈良交通,,木津中学校前,
0,552,奈良交通,,清水橋,
0,556,奈良交通,,精華台二丁目,
0,557,奈良交通,,精華台一丁目,
0,558,奈良交通,,高山サイエンスタウン,
0,559,奈良交通,,サイエンスプラザ,
0,560,奈良交通,,大学院大学,
0,561,奈良交通,,国道鹿畑,
0,562,奈良交通,,鹿畑口,
0,563,奈良交通,,平城中山北口,
0,564,奈良交通,,柘榴,
0,565,奈良交通,,乾谷,
0,569,奈良交通,,南陽高校,
0,570,奈良交通,,平城山駅,
0,571,奈良交通,,木津川台住宅,
0,572,奈良交通,,木津川台七丁目,
0,573,奈良交通,,木津川台六丁目,
0,574,奈良交通,,木津川台二丁目,
0,575,奈良交通,,木津川台中央公園,
0,576,奈良交通,,木津川台一丁目,
0,577,奈良交通,,兜台四丁目,
0,578,奈良交通,,押熊,
0,579,奈良交通,,南押熊,
0,580,奈良交通,,平城中山,
0,581,奈良交通,,平城中山南口,
0,582,奈良交通,,奈良工業高校前,
0,583,奈良交通,,北秋篠,
0,584,奈良交通,,秋篠寺,
0,585,奈良交通,,秋篠三和町,
0,586,奈良交通,,西大寺,
0,587,奈良交通,,歌姫町,
0,588,奈良交通,,佐紀県営住宅前,
0,589,奈良交通,,佐紀中町,
0,590,奈良交通,,佐紀駐在所前,
0,591,奈良交通,,西小,
0,592,奈良交通,,浄瑠璃寺前,
0,604,奈良交通,,祝園駅,
0,605,奈良交通,,光台三丁目,
0,606,奈良交通,,けいはんなプラザ,
0,607,奈良交通,,ATR,
0,608,奈良交通,,光台一丁目,
0,610,奈良交通,,光台一丁目南,
0,611,奈良交通,,光台四丁目,
0,612,奈良交通,,光台七丁目,
0,613,奈良交通,,光台八丁目,
0,615,奈良交通,,京田辺駅,
0,616,奈良交通,,新田辺駅,
0,617,奈良交通,,菅井,
0,618,奈良交通,,吐師,
0,619,奈良交通,,木津北の庄,
0,620,奈良交通,,一条高校,
0,621,奈良交通,,西登美ヶ丘五丁目,
0,622,奈良交通,,西登美ヶ丘一丁目,
0,623,奈良交通,,大渕橋,
0,624,奈良交通,,登美ヶ丘一丁目,
0,625,奈良交通,,鹿ノ台北二丁目,
0,626,奈良交通,,鹿ノ台東二丁目,
0,627,奈良交通,,鹿ノ台東一丁目,
0,628,奈良交通,,樋の平,
0,629,奈良交通,,北大和五丁目,
0,630,奈良交通,,北大和二丁目,
0,631,奈良交通,,近鉄学園前駅,
0,632,奈良交通,,四季の森公園,
0,633,奈良交通,,北大和一丁目,
0,635,奈良交通,,中登美ヶ丘団地,
0,636,奈良交通,,奈良北高校,
0,637,奈良交通,,京田辺駅（東口）,
0,638,奈良交通,,中山町西一丁目,
0,639,奈良交通,,中山町西二丁目,
0,640,奈良交通,,中山町西四丁目,
0,641,奈良交通,,朝日町一丁目,
0,642,奈良交通,,轉輪王教会前,
0,643,奈良交通,,朝日町二丁目東,
0,644,奈良交通,,青葉公園前,
0,645,奈良交通,,大和文華館前,
0,646,奈良交通,,西千代ヶ丘二丁目,
0,647,奈良交通,,千代ヶ丘二丁目,
0,648,奈良交通,,千代ヶ丘一丁目,
0,649,奈良交通,,若草台,
0,650,奈良交通,,若草台中央,
0,651,奈良交通,,丸山橋,
0,652,奈良交通,,藤の木台四丁目,
0,653,奈良交通,,長芝橋,
0,654,奈良交通,,鳥見町二丁目,
0,655,奈良交通,,鳥見町三丁目,
0,656,奈良交通,,ショッピングセンター前,
0,657,奈良交通,,公団管理事務所,
0,658,奈良交通,,富雄団地北町,
0,659,奈良交通,,鳥見小学校前,
0,660,奈良交通,,帝塚山南四丁目,
0,661,奈良交通,,帝塚山南一丁目,
0,662,奈良交通,,富雄高校,
0,663,奈良交通,,帝塚山南二丁目,
0,664,奈良交通,,近畿大学,
0,665,奈良交通,,富雄泉ヶ丘,
0,666,奈良交通,,近大橋,
0,667,奈良交通,,精華町役場（東）,
0,668,奈良交通,,北田原,
0,669,奈良交通,,北田原口,
0,670,奈良交通,,下田原,
0,671,奈良交通,,山口川,
0,672,奈良交通,,出店,
0,673,奈良交通,,岩屋口,
0,674,奈良交通,,お松の宮,
0,675,奈良交通,,新生駒台北口,
0,676,奈良交通,,松美台,
0,677,奈良交通,,北条,
0,678,奈良交通,,俵口阪奈中央病院,
0,679,奈良交通,,新生駒台,
0,680,奈良交通,,生駒台小学校前,
0,681,奈良交通,,生駒台東口,
0,682,奈良交通,,生駒台,
0,683,奈良交通,,上大町,
0,684,奈良交通,,かえで通り中央,
0,685,奈良交通,,白庭台住宅,
0,686,奈良交通,,白谷,
0,687,奈良交通,,稲葉,
0,688,奈良交通,,中菜畑二丁目,
0,689,奈良交通,,新旭ヶ丘南口,
0,690,奈良交通,,緑ヶ丘,
0,691,奈良交通,,新旭ヶ丘,
0,692,奈良交通,,湯船,
0,693,奈良交通,,旭ヶ丘,
0,694,奈良交通,,田原台一丁目,
0,695,奈良交通,,戎公園,
0,696,奈良交通,,田原台小学校,
0,697,奈良交通,,田原台センター,
0,698,奈良交通,,田原台七丁目,
0,699,奈良交通,,北谷公園,
0,700,奈良交通,,池谷,
0,701,奈良交通,,喜里が丘一丁目,
0,702,奈良交通,,喜里が丘南口,
0,703,奈良交通,,田原台八丁目,
0,704,奈良交通,,傍示,
0,705,奈良交通,,高山狭戸,
0,706,奈良交通,,高船口,
0,707,奈良交通,,鐘付田,
0,708,奈良交通,,東庄田,
0,709,奈良交通,,庄田,
0,710,奈良交通,,西庄田,
0,711,奈良交通,,上大北,
0,712,奈良交通,,大北,
0,713,奈良交通,,高山八幡宮前,
0,714,奈良交通,,高山学校前,
0,715,奈良交通,,宮方橋,
0,716,奈良交通,,高山,
0,717,奈良交通,,イモ山,
0,718,奈良交通,,帝塚山住宅,
0,719,奈良交通,,帝塚山五丁目,
0,720,奈良交通,,帝塚山四丁目,
0,721,奈良交通,,社会保険健康センター,
0,722,奈良交通,,あすか野センター,
0,723,奈良交通,,あすか野団地,
0,724,奈良交通,,あすか野団地口,
0,725,奈良交通,,稲倉,
0,726,奈良交通,,小明寺垣内,
0,727,奈良交通,,島田,
0,728,奈良交通,,生駒市図書会館前,
0,729,奈良交通,,生駒辻町,
0,730,奈良交通,,さつき台住宅,
0,731,奈良交通,,さつき台一丁目,
0,732,奈良交通,,東生駒四丁目,
0,733,奈良交通,,東生駒三丁目,
0,734,奈良交通,,東生駒二丁目,
0,735,奈良交通,,けやき通り北,
0,737,奈良交通,,庄西口,
0,738,奈良交通,,けやき通り南,
0,739,奈良交通,,ひかりが丘,
0,740,奈良交通,,ひかりが丘住宅口,
0,741,奈良交通,,宛の木,
0,742,奈良交通,,帝塚山大学,
0,743,奈良交通,,高山芝,
0,744,奈良交通,,西向橋,
0,745,奈良交通,,鵄山,
0,746,奈良交通,,蛇喰,
0,747,奈良交通,,真弓橋,
0,748,奈良交通,,生駒上町,
0,749,奈良交通,,出垣内,
0,750,奈良交通,,杵築橋,
0,751,奈良交通,,春日橋,
0,753,奈良交通,,育英西校,
0,754,奈良交通,,荒新田,
0,755,奈良交通,,木島,
0,756,奈良交通,,旭ヶ丘住宅,
0,757,奈良交通,,泉ヶ丘住宅前,
0,758,奈良交通,,大阪口,
0,759,奈良交通,,北登美ヶ丘一丁目,
0,771,奈良交通,,王寺駅（南）,
0,772,奈良交通,,王寺駅,
0,773,奈良交通,,笠町,
0,774,奈良交通,,三室山下,
0,775,奈良交通,,竜田大橋,
0,776,奈良交通,,斑鳩交番前,
0,777,奈良交通,,竜田神社前,
0,778,奈良交通,,斑鳩町役場前,
0,779,奈良交通,,法隆寺前,
0,780,奈良交通,,法起寺口,
0,781,奈良交通,,幸前口,
0,782,奈良交通,,小泉口,
0,783,奈良交通,,椎木,
0,784,奈良交通,,今国府,
0,785,奈良交通,,松下電器,
0,786,奈良交通,,筒井駅,
0,787,奈良交通,,番条,
0,788,奈良交通,,横田町西口,
0,789,奈良交通,,発志院,
0,790,奈良交通,,東和苑住宅,
0,791,奈良交通,,小泉,
0,792,奈良交通,,慈光院,
0,793,奈良交通,,片桐小学校,
0,794,奈良交通,,片桐池の内,
0,795,奈良交通,,小南町,
0,796,奈良交通,,片桐田中町,
0,797,奈良交通,,南郡山,
0,798,奈良交通,,小川町,
0,799,奈良交通,,山本町,
0,800,奈良交通,,奈良口,
0,801,奈良交通,,七条町,
0,802,奈良交通,,西の京病院,
0,803,奈良交通,,片桐西小学校,
0,804,奈良交通,,王寺町役場前,
0,805,奈良交通,,葛下,
0,806,奈良交通,,薬井口,
0,807,奈良交通,,星和台一丁目,
0,808,奈良交通,,高船,
0,809,奈良交通,,星和台二丁目,
0,810,奈良交通,,片岡台一丁目,
0,811,奈良交通,,片岡台三丁目,
0,812,奈良交通,,桜ヶ丘三丁目,
0,813,奈良交通,,桜ヶ丘二丁目,
0,814,奈良交通,,桜ヶ丘一丁目,
0,815,奈良交通,,下牧南口,
0,816,奈良交通,,服部,
0,817,奈良交通,,上牧町文化センター,
0,818,奈良交通,,上牧町役場前,
0,819,奈良交通,,米山台,
0,820,奈良交通,,服部記念病院,
0,821,奈良交通,,高塚台一丁目,
0,822,奈良交通,,広瀬台二丁目,
0,823,奈良交通,,中山台二丁目,
0,825,奈良交通,,葛城台,
0,826,奈良交通,,馬見北九丁目,
0,827,奈良交通,,馬見中五丁目,
0,828,奈良交通,,香芝高校前,
0,829,奈良交通,,真美ヶ丘一丁目,
0,830,奈良交通,,五位堂駅,
0,831,奈良交通,,王寺出合橋,
0,832,奈良交通,,神前橋,
0,833,奈良交通,,追分,
0,834,奈良交通,,大田口,
0,835,奈良交通,,王寺霊園前,
0,836,奈良交通,,天平台,
0,837,奈良交通,,張井,
0,838,奈良交通,,王寺本町二丁目,
0,839,奈良交通,,白瓜,
0,840,奈良交通,,王寺本町四丁目,
0,841,奈良交通,,畠田駅前,
0,842,奈良交通,,畠田八丁目,
0,843,奈良交通,,畠田南,
0,844,奈良交通,,王寺町文化福祉センター前,
0,845,奈良交通,,明神四丁目,
0,846,奈良交通,,明神二丁目,
0,847,奈良交通,,明神一丁目,
0,848,奈良交通,,尼寺,
0,849,奈良交通,,白鳳台一丁目,
0,850,奈良交通,,白鳳台中央,
0,851,奈良交通,,白鳳台二丁目,
0,852,奈良交通,,三郷駅,
0,853,奈良交通,,三郷今井,
0,854,奈良交通,,湯ノ口,
0,855,奈良交通,,城山台三丁目,
0,856,奈良交通,,城山台自治会館,
0,857,奈良交通,,城山台一丁目,
0,858,奈良交通,,信貴山下駅,
0,859,奈良交通,,信貴ヶ丘,
0,860,奈良交通,,万葉荘園前,
0,861,奈良交通,,西和清陵高校,
0,862,奈良交通,,信貴山,
0,863,奈良交通,,信貴大橋,
0,864,奈良交通,,信貴山西町,
0,865,奈良交通,,三室園東口,
0,866,奈良交通,,城山台五丁目,
0,867,奈良交通,,奈良産業大学,
0,868,奈良交通,,西真美口,
0,869,奈良交通,,西真美三丁目,
0,870,奈良交通,,西真美二丁目南,
0,871,奈良交通,,西真美二丁目,
0,872,奈良交通,,西真美二丁目北,
0,873,奈良交通,,西真美,
0,874,奈良交通,,香芝高校南口,
0,875,奈良交通,,真美ヶ丘東小学校前,
0,876,奈良交通,,香芝２号公園前,
0,877,奈良交通,,馬見南二丁目,
0,879,奈良交通,,馬見南六丁目,
0,880,奈良交通,,馬見中一丁目,
0,881,奈良交通,,馬見中二丁目,
0,882,奈良交通,,イーストヒルズ勢野西,
0,883,奈良交通,,馬見北三丁目,
0,884,奈良交通,,馬見北六丁目,
0,885,奈良交通,,馬見北五丁目,
0,886,奈良交通,,馬見北一丁目,
0,887,奈良交通,,真美ヶ丘七丁目,
0,888,奈良交通,,真美ヶ丘センター,
0,889,奈良交通,,近鉄高田駅,
0,890,奈良交通,,築山,
0,891,奈良交通,,六道山,
0,892,奈良交通,,六道山北口,
0,896,奈良交通,,疋相南口,
0,898,奈良交通,,広陵町役場前,
0,902,奈良交通,,忍海,
0,903,奈良交通,,北花内,
0,904,奈良交通,,奈良東病院,
0,905,奈良交通,,新庄,
0,906,奈良交通,,曽大根,
0,907,奈良交通,,東中,
0,908,奈良交通,,栄町,
0,909,奈良交通,,高田市駅,
0,910,奈良交通,,片塩町,
0,911,奈良交通,,古川町,
0,912,奈良交通,,天神橋,
0,913,奈良交通,,高砂町,
0,914,奈良交通,,大塚,
0,915,奈良交通,,安部,
0,916,奈良交通,,広陵平尾,
0,917,奈良交通,,疋相,
0,918,奈良交通,,大垣内,
0,919,奈良交通,,赤部,
0,920,奈良交通,,新家,
0,935,奈良交通,,法隆寺駅,
0,936,奈良交通,,奈良文化女子短期大学,
0,937,奈良交通,,窪之庄,
0,938,奈良交通,,窪之庄南,
0,939,奈良交通,,森本,
0,940,奈良交通,,白河橋,
0,941,奈良交通,,国道櫟本,
0,942,奈良交通,,天理北中学校前,
0,943,奈良交通,,別所,
0,944,奈良交通,,天理北大路,
0,945,奈良交通,,天理中大路,
0,946,奈良交通,,天理駅,
0,947,奈良交通,,蔵之庄北口,
0,948,奈良交通,,蔵之庄西口,
0,949,奈良交通,,添上高校,
0,950,奈良交通,,上総,
0,951,奈良交通,,小田中,
0,952,奈良交通,,指柳,
0,953,奈良交通,,憩の家病院,
0,954,奈良交通,,天理本通り,
0,955,奈良交通,,天理市庁前,
0,956,奈良交通,,守目堂,
0,957,奈良交通,,勾田,
0,958,奈良交通,,北三昧田,
0,959,奈良交通,,乙木口,
0,960,奈良交通,,三昧田,
0,961,奈良交通,,佐保の庄,
0,962,奈良交通,,大和神社前,
0,963,奈良交通,,成願寺,
0,964,奈良交通,,中山,
0,965,奈良交通,,上長岡,
0,966,奈良交通,,柳本,
0,967,奈良交通,,渋谷,
0,968,奈良交通,,相撲神社口,
0,969,奈良交通,,巻の内,
0,970,奈良交通,,箸中,
0,971,奈良交通,,芝,
0,972,奈良交通,,大三輪中学校前,
0,973,奈良交通,,三輪明神参道口,
0,974,奈良交通,,桜井総合庁舎前,
0,975,奈良交通,,桜井市庁前,
0,976,奈良交通,,粟殿口,
0,977,奈良交通,,桜井駅北口,
0,978,奈良交通,,川合東口,
0,979,奈良交通,,シャープ総合開発センター,
0,980,奈良交通,,国道岩屋,
0,981,奈良交通,,国道五ヶ谷,
0,982,奈良交通,,国道福住,
0,983,奈良交通,,国道一本松,
0,984,奈良交通,,国道針,
0,985,奈良交通,,国道小倉,
0,986,奈良交通,,国道切幡,
0,987,奈良交通,,国道神野口,
0,988,奈良交通,,国道山添,
0,996,奈良交通,,針インター,
0,997,奈良交通,,上入田,
0,998,奈良交通,,山辺高校,
0,999,奈良交通,,竹取公園東,
0,1000,奈良交通,,親里大路,
0,1001,奈良交通,,天理教本部前,
0,1002,奈良交通,,石上神宮前,
0,1003,奈良交通,,豊井,
0,1004,奈良交通,,二本松,
0,1005,奈良交通,,下滝本,
0,1006,奈良交通,,上滝本,
0,1007,奈良交通,,天理ダム,
0,1008,奈良交通,,長滝口,
0,1009,奈良交通,,仁興口,
0,1010,奈良交通,,苣原,
0,1011,奈良交通,,天理ゴルフ場前,
0,1012,奈良交通,,やすらぎ園前,
0,1013,奈良交通,,浄土,
0,1014,奈良交通,,福住,
0,1015,奈良交通,,井之市口,
0,1016,奈良交通,,上山田,
0,1017,奈良交通,,中山田,
0,1018,奈良交通,,下山田,
0,1019,奈良交通,,馬場,
0,1020,奈良交通,,上荻,
0,1021,奈良交通,,中荻,
0,1022,奈良交通,,下荻中垣内,
0,1023,奈良交通,,下荻,
0,1024,奈良交通,,上深川,
0,1025,奈良交通,,下深川上出,
0,1026,奈良交通,,下深川,
0,1027,奈良交通,,高松,
0,1028,奈良交通,,上戸賀橋,
0,1029,奈良交通,,針が別所,
0,1030,奈良交通,,六郷小学校前,
0,1031,奈良交通,,天理市民会館前,
0,1032,奈良交通,,天理商工会館前,
0,1033,奈良交通,,奥畑口,
0,1034,奈良交通,,山添中学校,
0,1035,奈良交通,,天理大学,
0,1036,奈良交通,,和束高橋,
0,1037,奈良交通,,撰原,
0,1038,奈良交通,,白栖口,
0,1039,奈良交通,,和束長井,
0,1040,奈良交通,,和束山の家,
0,1041,奈良交通,,和束河原,
0,1042,奈良交通,,中和束,
0,1043,奈良交通,,和束中学校,
0,1044,奈良交通,,榛原駅,
0,1045,奈良交通,,和束小学校,
0,1046,奈良交通,,東和束,
0,1047,奈良交通,,あかね台住宅前,
0,1048,奈良交通,,宇陀警察署前,
0,1049,奈良交通,,榛原総合体育館前,
0,1050,奈良交通,,玉立橋,
0,1051,奈良交通,,吐山南口,
0,1052,奈良交通,,貝が平口,
0,1053,奈良交通,,吐山,
0,1054,奈良交通,,吐山清水,
0,1055,奈良交通,,吐山北口,
0,1056,奈良交通,,外の橋,
0,1057,奈良交通,,南白石,
0,1058,奈良交通,,南之庄東口,
0,1059,奈良交通,,都祁南之庄,
0,1060,奈良交通,,来迎寺,
0,1061,奈良交通,,並松,
0,1062,奈良交通,,友田,
0,1063,奈良交通,,都祁中学校前,
0,1064,奈良交通,,都祁行政センター,
0,1065,奈良交通,,針東口,
0,1066,奈良交通,,大塩,
0,1067,奈良交通,,上津口,
0,1068,奈良交通,,上津,
0,1069,奈良交通,,大西,
0,1070,奈良交通,,春日,
0,1071,奈良交通,,春日学園前,
0,1072,奈良交通,,広代,
0,1073,奈良交通,,中峯山,
0,1077,奈良交通,,波多野郵便局前,
0,1078,奈良交通,,原山,
0,1079,奈良交通,,二ノ瀬,
0,1080,奈良交通,,五ノ瀬,
0,1081,奈良交通,,中村,
0,1082,奈良交通,,和束湯船,
0,1083,奈良交通,,岩倉,
0,1085,奈良交通,,桜井駅筋,
0,1086,奈良交通,,桜井駅南口,
0,1087,奈良交通,,御幸田町,
0,1088,奈良交通,,薬師町,
0,1089,奈良交通,,外山,
0,1090,奈良交通,,宇陀が辻,
0,1091,奈良交通,,信夫が丘,
0,1092,奈良交通,,忍坂,
0,1093,奈良交通,,下尾口,
0,1094,奈良交通,,粟原,
0,1095,奈良交通,,中女寄,
0,1096,奈良交通,,笠間辻,
0,1097,奈良交通,,麻生田,
0,1098,奈良交通,,梅の木,
0,1099,奈良交通,,和束清水橋,
0,1100,奈良交通,,内原,
0,1101,奈良交通,,都合殿,
0,1102,奈良交通,,和束町小杉,
0,1103,奈良交通,,西山,
0,1104,奈良交通,,大宇陀高校,
0,1105,奈良交通,,大宇陀,
0,1106,奈良交通,,岩清水,
0,1107,奈良交通,,才が辻,
0,1108,奈良交通,,岩崎,
0,1109,奈良交通,,岩崎東口,
0,1110,奈良交通,,古市場水分神社前,
0,1111,奈良交通,,古市場地蔵の辻,
0,1112,奈良交通,,菟田野町役場前,
0,1113,奈良交通,,イーストヒルズ勢野北,
0,1114,奈良交通,,イーストヒルズ勢野中,
0,1115,奈良交通,,菟田野町,
0,1116,奈良交通,,野依,
0,1117,奈良交通,,下井足口,
0,1118,奈良交通,,中西,
0,1119,奈良交通,,篠楽,
0,1120,奈良交通,,五津,
0,1121,奈良交通,,宇陀平尾,
0,1122,奈良交通,,小附,
0,1123,奈良交通,,五十軒,
0,1126,奈良交通,,榛原大橋,
0,1127,奈良交通,,下井足,
0,1128,奈良交通,,木綿橋,
0,1129,奈良交通,,上井足中,
0,1130,奈良交通,,上井足,
0,1131,奈良交通,,池上,
0,1132,奈良交通,,高塚,
0,1133,奈良交通,,比布,
0,1134,奈良交通,,母里,
0,1135,奈良交通,,農業試験場分場前,
0,1136,奈良交通,,宇陀藤井,
0,1137,奈良交通,,岩崎橋,
0,1138,奈良交通,,松井橋,
0,1139,奈良交通,,勝林寺前,
0,1140,奈良交通,,山野口,
0,1141,奈良交通,,下芳野小学校前,
0,1142,奈良交通,,ほうじ谷橋,
0,1143,奈良交通,,宮の原,
0,1144,奈良交通,,岩端,
0,1145,奈良交通,,福地,
0,1146,奈良交通,,長峯公民館前,
0,1147,奈良交通,,天満台西二丁目,
0,1148,奈良交通,,天満台西四丁目,
0,1149,奈良交通,,天満台東二丁目,
0,1150,奈良交通,,天満台東三丁目,
0,1154,奈良交通,,室生口大野駅,
0,1155,奈良交通,,大野寺前,
0,1156,奈良交通,,三社ノ森,
0,1157,奈良交通,,栢森宅前,
0,1158,奈良交通,,室生寺前,
0,1159,奈良交通,,竜穴神社前,
0,1160,奈良交通,,宇野川橋,
0,1161,奈良交通,,老人ホーム室生園,
0,1162,奈良交通,,太古良橋,
0,1163,奈良交通,,宮橋,
0,1164,奈良交通,,不動野橋,
0,1165,奈良交通,,角川,
0,1166,奈良交通,,田口診療所,
0,1167,奈良交通,,血原橋,
0,1168,奈良交通,,黒岩口,
0,1169,奈良交通,,辰尾橋,
0,1170,奈良交通,,上田口弁天,
0,1171,奈良交通,,下脇,
0,1172,奈良交通,,緑川,
0,1173,奈良交通,,馬場出口,
0,1174,奈良交通,,向渕,
0,1175,奈良交通,,無山,
0,1176,奈良交通,,無山東,
0,1177,奈良交通,,多田,
0,1178,奈良交通,,染田口,
0,1179,奈良交通,,染田,
0,1180,奈良交通,,奥山口,
0,1181,奈良交通,,小原西口,
0,1182,奈良交通,,東里小原,
0,1183,奈良交通,,滝之尾口,
0,1184,奈良交通,,上笠間,
0,1185,奈良交通,,下笠間西口,
0,1186,奈良交通,,下笠間,
0,1190,奈良交通,,イーストヒルズ勢野東,
0,1191,奈良交通,,勢野自治連合会館,
0,1192,奈良交通,,近鉄勢野北口駅,
0,1193,奈良交通,,勢野東６丁目,
0,1194,奈良交通,,勢野東５丁目,
0,1195,奈良交通,,明治橋,
0,1196,奈良交通,,三郷町役場,
0,1197,奈良交通,,多聞橋,
0,1198,奈良交通,,榛原口,
0,1199,奈良交通,,五味原,
0,1200,奈良交通,,桧牧,
0,1201,奈良交通,,桧牧市場,
0,1202,奈良交通,,自明,
0,1203,奈良交通,,高井,
0,1204,奈良交通,,赤埴口,
0,1205,奈良交通,,八滝,
0,1206,奈良交通,,内牧口,
0,1207,奈良交通,,内牧西口,
0,1208,奈良交通,,下内牧,
0,1209,奈良交通,,内牧,
0,1210,奈良交通,,内牧郵便局,
0,1211,奈良交通,,内牧東口,
0,1212,奈良交通,,上内牧,
0,1213,奈良交通,,弁財天,
0,1214,奈良交通,,高石,
0,1215,奈良交通,,山粕西口,
0,1216,奈良交通,,山粕,
0,1217,奈良交通,,山粕局前,
0,1218,奈良交通,,山粕東口,
0,1219,奈良交通,,八辻橋,
0,1220,奈良交通,,薮内橋,
0,1221,奈良交通,,掛西口,
0,1222,奈良交通,,掛,
0,1223,奈良交通,,掛東口,
0,1224,奈良交通,,曾爾長野,
0,1225,奈良交通,,曾爾学校前,
0,1226,奈良交通,,曾爾,
0,1227,奈良交通,,曾爾村役場前,
0,1230,奈良交通,,称名寺,
0,1231,奈良交通,,豊浦駐車場,
0,1232,奈良交通,,中央公民館（明日香）,
0,1233,奈良交通,,健康福祉センター,
0,1234,奈良交通,,天武・持統陵,
0,1235,奈良交通,,高松塚,
0,1265,奈良交通,,佐倉峠,
0,1267,奈良交通,,鷲家,
0,1268,奈良交通,,鷲家谷,
0,1269,奈良交通,,一の谷（東吉野）,
0,1270,奈良交通,,万代橋,
0,1271,奈良交通,,千代橋,
0,1272,奈良交通,,大和朝倉駅,
0,1273,奈良交通,,朝倉台西,
0,1274,奈良交通,,朝倉台中,
0,1275,奈良交通,,朝倉台東,
0,1284,奈良交通,,桜井駅北口・コミ,
0,1287,奈良交通,,上市駅,
0,1288,奈良交通,,上市,
0,1289,奈良交通,,上市橋,
0,1290,奈良交通,,リバーフィールドよしの,
0,1291,奈良交通,,上市局前,
0,1292,奈良交通,,吉野町役場前,
0,1293,奈良交通,,上市水泳場,
0,1294,奈良交通,,轟,
0,1295,奈良交通,,立野,
0,1296,奈良交通,,立野口,
0,1314,奈良交通,,新子,
0,1315,奈良交通,,新子局前,
0,1316,奈良交通,,窪垣内宮の下,
0,1317,奈良交通,,窪垣内,
0,1323,奈良交通,,国樔,
0,1324,奈良交通,,下中黒,
0,1325,奈良交通,,中黒,
0,1326,奈良交通,,上中黒,
0,1327,奈良交通,,下小栗栖,
0,1328,奈良交通,,上小栗栖,
0,1329,奈良交通,,堂の瀬,
0,1330,奈良交通,,大辺垣内,
0,1331,奈良交通,,上鷲家,
0,1332,奈良交通,,木津峠,
0,1333,奈良交通,,木津下垣内,
0,1334,奈良交通,,木津中垣内,
0,1335,奈良交通,,高見小学校前,
0,1336,奈良交通,,木津名滝,
0,1337,奈良交通,,木津（東吉野）,
0,1338,奈良交通,,杉谷出合橋,
0,1339,奈良交通,,平野口,
0,1340,奈良交通,,下平野,
0,1341,奈良交通,,高見平野,
0,1342,奈良交通,,竜和谷口,
0,1343,奈良交通,,高樋橋,
0,1344,奈良交通,,高見登山口,
0,1345,奈良交通,,杉谷,
0,1346,奈良交通,,宇賀志,
0,1347,奈良交通,,佐倉,
0,1348,奈良交通,,佐倉正光寺前,
0,1349,奈良交通,,桜実神社前,
0,1350,奈良交通,,鷲家口,
0,1351,奈良交通,,小川小学校前,
0,1352,奈良交通,,烏原,
0,1353,奈良交通,,石舟橋,
0,1354,奈良交通,,下出,
0,1355,奈良交通,,小村,
0,1356,奈良交通,,小村大橋,
0,1357,奈良交通,,蟻通,
0,1358,奈良交通,,三尾口,
0,1359,奈良交通,,三尾,
0,1360,奈良交通,,三尾大橋,
0,1361,奈良交通,,狭戸,
0,1362,奈良交通,,奥狭戸,
0,1363,奈良交通,,狭戸古堂,
0,1364,奈良交通,,狭戸飛石,
0,1365,奈良交通,,大豆生,
0,1366,奈良交通,,麦谷口,
0,1367,奈良交通,,麦谷,
0,1368,奈良交通,,大又口,
0,1369,奈良交通,,大又,
0,1371,奈良交通,,万葉文化館,
0,1372,奈良交通,,新賀町,
0,1373,奈良交通,,新の口,
0,1374,奈良交通,,十市,
0,1375,奈良交通,,国道千代,
0,1376,奈良交通,,上之庄・ジャスコ桜井店,
0,1377,奈良交通,,桜井税務署,
0,1378,奈良交通,,桜井市役所,
0,1379,奈良交通,,桜井総合庁舎,
0,1380,奈良交通,,粟殿・ヤマトー桜井店,
0,1381,奈良交通,,金屋,
0,1382,奈良交通,,唐古八田口,
0,1383,奈良交通,,庵治,
0,1384,奈良交通,,保健会館,
0,1385,奈良交通,,初瀬橋,
0,1386,奈良交通,,長谷寺参道口,
0,1387,奈良交通,,口の倉,
0,1388,奈良交通,,八木駅,
0,1389,奈良交通,,橿原市役所前,
0,1398,奈良交通,,神之森町,
0,1399,奈良交通,,河西能登町,
0,1400,奈良交通,,浅古,
0,1401,奈良交通,,聖林寺前,
0,1402,奈良交通,,赤鳥居,
0,1403,奈良交通,,倉橋,
0,1404,奈良交通,,倉橋池口,
0,1405,奈良交通,,下居,
0,1406,奈良交通,,百市,
0,1407,奈良交通,,不動滝,
0,1408,奈良交通,,多武峯,
0,1409,奈良交通,,談山神社,
0,1412,奈良交通,,戒重北口,
0,1414,奈良交通,,医大病院前,
0,1415,奈良交通,,農業試験場前,
0,1416,奈良交通,,畝傍御陵前,
0,1417,奈良交通,,橿原体育館前,
0,1418,奈良交通,,橿原神宮前,
0,1419,奈良交通,,橿原神宮駅,
0,1420,奈良交通,,久米町東,
0,1421,奈良交通,,橿原神宮駅東口,
0,1422,奈良交通,,和田町西,
0,1423,奈良交通,,菖蒲町一丁目,
0,1424,奈良交通,,菖蒲町三丁目,
0,1425,奈良交通,,菖蒲町四丁目,
0,1426,奈良交通,,菖蒲町四丁目南,
0,1427,奈良交通,,野口（明日香）,
0,1428,奈良交通,,川原,
0,1429,奈良交通,,岡橋本,
0,1430,奈良交通,,明日香観光会館前,
0,1431,奈良交通,,岡寺前,
0,1432,奈良交通,,岡戎前,
0,1433,奈良交通,,橿原和田,
0,1434,奈良交通,,豊浦,
0,1435,奈良交通,,甘樫丘,
0,1436,奈良交通,,飛鳥,
0,1437,奈良交通,,飛鳥大仏前,
0,1438,奈良交通,,岡天理教前,
0,1439,奈良交通,,明日香小学校前,
0,1441,奈良交通,,石舞台,
0,1442,奈良交通,,治田神社前,
0,1443,奈良交通,,明日香小原,
0,1444,奈良交通,,八釣,
0,1445,奈良交通,,奥山,
0,1446,奈良交通,,飛鳥資料館前,
0,1447,奈良交通,,山田寺前,
0,1448,奈良交通,,山田北口,
0,1449,奈良交通,,安倍小学校前,
0,1450,奈良交通,,生田,
0,1451,奈良交通,,安倍文殊院前,
0,1452,奈良交通,,仁王堂,
0,1453,奈良交通,,檜前,
0,1454,奈良交通,,飛鳥駅,
0,1455,奈良交通,,岡寺駅,
0,1456,奈良交通,,宇陀が辻東口,
0,1457,奈良交通,,慈恩寺,
0,1458,奈良交通,,脇本,
0,1459,奈良交通,,朝倉小学校,
0,1460,奈良交通,,黒崎,
0,1461,奈良交通,,出雲,
0,1462,奈良交通,,桜井東中学校,
0,1463,奈良交通,,初瀬観光センター,
0,1464,奈良交通,,長谷寺駅,
0,1469,奈良交通,,落神権現前萱森口,
0,1470,奈良交通,,和田,
0,1471,奈良交通,,滝倉,
0,1472,奈良交通,,笠山荒神口,
0,1473,奈良交通,,剣原,
0,1474,奈良交通,,小夫口,
0,1475,奈良交通,,小夫公民館,
0,1476,奈良交通,,小夫,
0,1477,奈良交通,,与喜浦,
0,1478,奈良交通,,吉隠,
0,1479,奈良交通,,吉隠柳口,
0,1480,奈良交通,,角柄,
0,1481,奈良交通,,久米寺前,
0,1482,奈良交通,,橿原神宮駅西口,
0,1483,奈良交通,,久米南口,
0,1484,奈良交通,,久米橋,
0,1485,奈良交通,,公団住宅センター,
0,1486,奈良交通,,南妙法寺町,
0,1487,奈良交通,,石船下,
0,1488,奈良交通,,南白橿,
0,1489,奈良交通,,結崎駅,
0,1490,奈良交通,,八田（田原本）,
0,1491,奈良交通,,志貴高校前,
0,1492,奈良交通,,近鉄御所駅,05D4
0,1493,奈良交通,,五條バスセンター,
0,1494,奈良交通,,五條駅,
0,1495,奈良交通,,五條町,
0,1496,奈良交通,,戎神社前,
0,1497,奈良交通,,大川橋南詰,
0,1498,奈良交通,,万葉文化館西口,
0,1499,奈良交通,,県立五條病院前,
0,1500,奈良交通,,霊安寺,
0,1501,奈良交通,,丹原,
0,1502,奈良交通,,上丹原,
0,1503,奈良交通,,生子,
0,1504,奈良交通,,老野,
0,1505,奈良交通,,老野南口,
0,1506,奈良交通,,神野,
0,1507,奈良交通,,賀名生和田北口,
0,1508,奈良交通,,賀名生和田,
0,1509,奈良交通,,賀名生農協前,
0,1510,奈良交通,,上和田,
0,1511,奈良交通,,大日川,
0,1512,奈良交通,,黒渕,
0,1513,奈良交通,,黒渕口,
0,1514,奈良交通,,城戸,
0,1515,奈良交通,,塩川原橋,
0,1516,奈良交通,,坂巻,
0,1517,奈良交通,,宗川野橋,
0,1518,奈良交通,,市原,
0,1519,奈良交通,,大久保口,
0,1520,奈良交通,,下永谷,
0,1521,奈良交通,,永谷,
0,1522,奈良交通,,天辻,
0,1523,奈良交通,,憩の家外来棟,
0,1524,奈良交通,,下天辻,
0,1525,奈良交通,,阪本,
0,1526,奈良交通,,下阪本,
0,1527,奈良交通,,小代下,
0,1528,奈良交通,,猿谷,
0,1529,奈良交通,,辻堂口,
0,1530,奈良交通,,大塔支所,
0,1531,奈良交通,,辻堂,
0,1532,奈良交通,,辻堂局前,
0,1533,奈良交通,,閉君,
0,1534,奈良交通,,宇井口,
0,1535,奈良交通,,宇井,
0,1536,奈良交通,,塩鶴,
0,1537,奈良交通,,長殿,
0,1538,奈良交通,,長殿発電所前,
0,1539,奈良交通,,にごり谷,
0,1540,奈良交通,,田長瀬,
0,1541,奈良交通,,旭橋,
0,1542,奈良交通,,小栗栖,
0,1543,奈良交通,,上野地,
0,1544,奈良交通,,下上野地,
0,1545,奈良交通,,月谷口,
0,1546,奈良交通,,河津谷,
0,1547,奈良交通,,高津,
0,1548,奈良交通,,高津下,
0,1549,奈良交通,,川津西,
0,1550,奈良交通,,川津,
0,1551,奈良交通,,風屋,
0,1552,奈良交通,,滝川口,
0,1553,奈良交通,,風屋花園,
0,1554,奈良交通,,野尻,
0,1555,奈良交通,,野尻口,
0,1556,奈良交通,,岩村橋,
0,1557,奈良交通,,山崎大橋,
0,1558,奈良交通,,池穴南口,
0,1559,奈良交通,,小井,
0,1560,奈良交通,,上湯の原,
0,1561,奈良交通,,湯の原,
0,1562,奈良交通,,十津川村役場,
0,1563,奈良交通,,十津川小原,
0,1564,奈良交通,,滝,
0,1565,奈良交通,,今戸,
0,1566,奈良交通,,折立口,
0,1567,奈良交通,,折立,
0,1568,奈良交通,,折立山崎,
0,1569,奈良交通,,込の上,
0,1570,奈良交通,,下込の上,
0,1571,奈良交通,,豆市,
0,1572,奈良交通,,鈴入,
0,1573,奈良交通,,平谷口,
0,1574,奈良交通,,十津川温泉,
0,1575,奈良交通,,蕨尾口,
0,1576,奈良交通,,蕨尾,
0,1577,奈良交通,,櫟砂古,
0,1578,奈良交通,,桑畑小井,
0,1579,奈良交通,,果無隧道口,
0,1580,奈良交通,,桑畑,
0,1581,奈良交通,,桑畑隧道口,
0,1582,奈良交通,,二津野,
0,1583,奈良交通,,七色隧道口,
0,1584,奈良交通,,七色,
0,1612,奈良交通,,鳥屋,
0,1613,奈良交通,,船付山口,
0,1614,奈良交通,,川西,
0,1615,奈良交通,,一町東口,
0,1616,奈良交通,,東観音寺口,
0,1617,奈良交通,,越智,
0,1618,奈良交通,,東橋,
0,1619,奈良交通,,郡界橋,
0,1620,奈良交通,,掖上農協前,
0,1621,奈良交通,,東寺田,
0,1622,奈良交通,,茅原,
0,1623,奈良交通,,馬橋,
0,1624,奈良交通,,代官町,
0,1625,奈良交通,,豊年橋,
0,1626,奈良交通,,瑞駈橋,
0,1627,奈良交通,,御所橋,
0,1628,奈良交通,,御所済生会病院前,
0,1629,奈良交通,,リハビリセンター,
0,1630,奈良交通,,四条,
0,1631,奈良交通,,五井,
0,1632,奈良交通,,忌部,
0,1633,奈良交通,,ダイヤモンドシティ・アルル,
0,1646,奈良交通,,小房,
0,1647,奈良交通,,城殿口,
0,1652,奈良交通,,出口橋,
0,1655,奈良交通,,かもきみの湯,
0,1656,奈良交通,,壷阪山駅,
0,1657,奈良交通,,鶉町,
0,1658,奈良交通,,清水谷,
0,1659,奈良交通,,壷阪寺口,
0,1660,奈良交通,,壷阪寺前,
0,1661,奈良交通,,増屋橋,
0,1663,奈良交通,,見瀬,
0,1664,奈良交通,,忍海駅,
0,1665,奈良交通,,御所元町,
0,1666,奈良交通,,御所幸町,
0,1667,奈良交通,,宮戸橋,
0,1673,奈良交通,,寺田橋,
0,1674,奈良交通,,小殿,
0,1675,奈良交通,,鳥井戸,
0,1676,奈良交通,,船路,
0,1677,奈良交通,,風の森,
0,1678,奈良交通,,東佐味,
0,1679,奈良交通,,小山,
0,1680,奈良交通,,居伝町,
0,1681,奈良交通,,住川,
0,1682,奈良交通,,国道三在,
0,1683,奈良交通,,宇野,
0,1684,奈良交通,,上今井,
0,1685,奈良交通,,栄山寺口,
0,1686,奈良交通,,今井,
0,1687,奈良交通,,テクノ東通り北,
0,1688,奈良交通,,テクノ東通り中,
0,1689,奈良交通,,テクノ東通り南,
0,1690,奈良交通,,テクノ公園通り東,
0,1691,奈良交通,,テクノ情報センター,
0,1692,奈良交通,,テクノ公園通り西,
0,1693,奈良交通,,テクノ西通り南,
0,1694,奈良交通,,テクノ西通り北,
0,1695,奈良交通,,テクノ中央通り西,
0,1696,奈良交通,,テクノ中央通り中,
0,1697,奈良交通,,テクノ中央通り東,
0,1698,奈良交通,,国道曲川,
0,1699,奈良交通,,アルル北,
0,1700,奈良交通,,今里東,
0,1701,奈良交通,,今里,
0,1702,奈良交通,,御山,
0,1703,奈良交通,,黒駒,
0,1704,奈良交通,,岡本宅前,
0,1705,奈良交通,,大正農協,
0,1706,奈良交通,,新屋敷,
0,1707,奈良交通,,櫛羅口,
0,1708,奈良交通,,櫛羅,
0,1709,奈良交通,,小林口,
0,1710,奈良交通,,猿目橋,
0,1711,奈良交通,,梅室口,
0,1712,奈良交通,,葛城ロープウェイ前,
0,1713,奈良交通,,小林,
0,1735,奈良交通,,小島,
0,1736,奈良交通,,栄山寺橋口,
0,1737,奈良交通,,栄山寺前,
0,1738,奈良交通,,六倉,
0,1739,奈良交通,,下島野,
0,1740,奈良交通,,上島野,
0,1741,奈良交通,,芝崎,
0,1742,奈良交通,,湯谷口,
0,1743,奈良交通,,南阿太公民館前,
0,1744,奈良交通,,南阿太郵便局前,
0,1745,奈良交通,,阿田橋,
0,1746,奈良交通,,南阿田口,
0,1747,奈良交通,,南阿田,
0,1748,奈良交通,,八田,
0,1749,奈良交通,,八田東,
0,1750,奈良交通,,阿太小学校前,
0,1751,奈良交通,,阿太山田,
0,1752,奈良交通,,西阿田,
0,1755,奈良交通,,阪合部局前,
0,1756,奈良交通,,阪合部中村,
0,1757,奈良交通,,大津,
0,1758,奈良交通,,火打口,
0,1759,奈良交通,,火打,
0,1760,奈良交通,,田殿,
0,1761,奈良交通,,松の段,
0,1762,奈良交通,,谷大深口,
0,1763,奈良交通,,宮の尾,
0,1764,奈良交通,,大深,
0,1765,奈良交通,,県界,
0,1766,奈良交通,,富貴口,
0,1767,奈良交通,,中稲葉,
0,1768,奈良交通,,西富貴,
0,1769,奈良交通,,富貴局前,
0,1770,奈良交通,,中富貴,
0,1771,奈良交通,,富貴,
0,1772,奈良交通,,成金,
0,1773,奈良交通,,東富貴,
0,1778,奈良交通,,智辯学園,
0,1779,奈良交通,,辯天宗御廟,
0,1780,奈良交通,,須恵町,
0,1781,奈良交通,,五條本町三丁目,
0,1782,奈良交通,,西岡口,
0,1783,奈良交通,,下中之,
0,1784,奈良交通,,中之,
0,1786,奈良交通,,野原,
0,1787,奈良交通,,野原南口,
0,1788,奈良交通,,野原南出,
0,1789,奈良交通,,辯天宗本部,
0,1790,奈良交通,,金剛寺,
0,1795,奈良交通,,大堀口,
0,1796,奈良交通,,奥谷口,
0,1797,奈良交通,,奥谷,
0,1801,奈良交通,,野原東口,
0,1802,奈良交通,,池芝,
0,1803,奈良交通,,上池芝,
0,1804,奈良交通,,湯川口,
0,1805,奈良交通,,湯川,
0,1806,奈良交通,,赤松口,
0,1807,奈良交通,,平沼田,
0,1808,奈良交通,,谷の宮,
0,1809,奈良交通,,上中之,
0,1810,奈良交通,,牧野小学校,
0,1811,奈良交通,,田園二丁目,
0,1812,奈良交通,,田園三丁目,
0,1813,奈良交通,,田園四丁目,
0,1814,奈良交通,,田園一丁目,
0,1815,奈良交通,,田園五丁目南,
0,1816,奈良交通,,田園五丁目中,
0,1817,奈良交通,,田園五丁目,
0,1818,奈良交通,,金刀比羅神社口,
0,1819,奈良交通,,損保橋,
0,1828,奈良交通,,宗川野,
0,1829,奈良交通,,立川渡,
0,1830,奈良交通,,茄子原口,
0,1831,奈良交通,,茄子原,
0,1832,奈良交通,,上茄子原,
0,1833,奈良交通,,茄子原保育所,
0,1834,奈良交通,,平雄,
0,1835,奈良交通,,川股口,
0,1836,奈良交通,,川股,
0,1837,奈良交通,,日裏口,
0,1838,奈良交通,,日裏,
0,1839,奈良交通,,丸瀬下,
0,1840,奈良交通,,津越谷,
0,1841,奈良交通,,野広瀬,
0,1843,奈良交通,,高滝口,
0,1844,奈良交通,,栄和町,
0,1845,奈良交通,,土田,
0,1846,奈良交通,,芦原,
0,1847,奈良交通,,畑屋口,
0,1848,奈良交通,,矢走口,
0,1849,奈良交通,,桧垣本市場前,
0,1850,奈良交通,,上桧垣本,
0,1851,奈良交通,,大淀バスセンター,
0,1852,奈良交通,,桧垣本,
0,1853,奈良交通,,岡崎町,
0,1854,奈良交通,,下市口駅,
0,1855,奈良交通,,千石橋南詰,
0,1856,奈良交通,,西迎院前,
0,1857,奈良交通,,下市本町,
0,1858,奈良交通,,下市今在家,
0,1859,奈良交通,,札の辻,
0,1860,奈良交通,,大峯町,
0,1861,奈良交通,,下阪,
0,1862,奈良交通,,上阪,
0,1863,奈良交通,,下市中学校前,
0,1864,奈良交通,,下市町役場,
0,1865,奈良交通,,善城口,
0,1866,奈良交通,,善城,
0,1867,奈良交通,,原谷口,
0,1868,奈良交通,,岩森（国道）,
0,1869,奈良交通,,岩森(下市温泉),
0,1870,奈良交通,,越部駅,
0,1871,奈良交通,,新野稲荷前,
0,1872,奈良交通,,馬佐口,
0,1873,奈良交通,,新野,
0,1874,奈良交通,,六田駅,
0,1875,奈良交通,,北六田,
0,1876,奈良交通,,美吉野橋,
0,1877,奈良交通,,比曽口,
0,1878,奈良交通,,増口,
0,1879,奈良交通,,津風呂湖口,
0,1880,奈良交通,,下楢井,
0,1881,奈良交通,,楢井,
0,1882,奈良交通,,上楢井,
0,1883,奈良交通,,長崎,
0,1884,奈良交通,,宮滝,
0,1885,奈良交通,,菜摘,
0,1886,奈良交通,,下矢治,
0,1887,奈良交通,,上矢治,
0,1888,奈良交通,,矢治若山,
0,1889,奈良交通,,吉野渡場,
0,1890,奈良交通,,南大野,
0,1891,奈良交通,,大野,
0,1892,奈良交通,,南国樔隧道口,
0,1893,奈良交通,,南国樔,
0,1894,奈良交通,,垣の瀬,
0,1895,奈良交通,,深山,
0,1896,奈良交通,,柳瀬,
0,1897,奈良交通,,高佐,
0,1898,奈良交通,,中井口,
0,1899,奈良交通,,依引,
0,1900,奈良交通,,木工の里,
0,1901,奈良交通,,西河口,
0,1902,奈良交通,,大滝,
0,1903,奈良交通,,大津古,
0,1904,奈良交通,,寺尾,
0,1905,奈良交通,,北塩谷口,
0,1906,奈良交通,,川上村役場,
0,1907,奈良交通,,湯盛温泉杉の湯,
0,1908,奈良交通,,樋口,
0,1909,奈良交通,,樫尾,
0,1910,奈良交通,,西河,
0,1911,奈良交通,,大淀病院前,
0,1912,奈良交通,,西町五丁目,
0,1913,奈良交通,,佐名伝,
0,1914,奈良交通,,佐名伝市場前,
0,1915,奈良交通,,東阿田,
0,1916,奈良交通,,山田口,
0,1917,奈良交通,,三在,
0,1925,奈良交通,,専用道霊安寺,
0,1926,奈良交通,,向霊安寺,
0,1927,奈良交通,,第二発電所口,
0,1928,奈良交通,,上柏原,
0,1929,奈良交通,,専用道生子,
0,1930,奈良交通,,下井戸,
0,1931,奈良交通,,中井戸,
0,1932,奈良交通,,江出,
0,1933,奈良交通,,専用道神野,
0,1935,奈良交通,,下多古,
0,1936,奈良交通,,白川渡,
0,1937,奈良交通,,上多古口,
0,1938,奈良交通,,上多古,
0,1939,奈良交通,,北和田口,
0,1940,奈良交通,,柏木,
0,1956,奈良交通,,寺内,
0,1957,奈良交通,,田中口,
0,1958,奈良交通,,下市田中,
0,1959,奈良交通,,地蔵,
0,1960,奈良交通,,下栃原,
0,1961,奈良交通,,桃木,
0,1962,奈良交通,,栃原,
0,1963,奈良交通,,上栃原,
0,1964,奈良交通,,平原口,
0,1965,奈良交通,,平原,
0,1966,奈良交通,,唐戸,
0,1967,奈良交通,,尼が生,
0,1968,奈良交通,,十日市口,
0,1969,奈良交通,,十日市,
0,1970,奈良交通,,小古田,
0,1971,奈良交通,,川岸口,
0,1972,奈良交通,,川岸,
0,1973,奈良交通,,むすばれ橋,
0,1974,奈良交通,,西吉野温泉口,
0,1975,奈良交通,,賀名生,
0,1977,奈良交通,,不動窟,
0,1978,奈良交通,,わさび谷,
0,1979,奈良交通,,伯母峯,
0,1980,奈良交通,,大台ヶ原,
0,1981,奈良交通,,栃本口,
0,1982,奈良交通,,乳屋辻,
0,1983,奈良交通,,惣坂口,
0,1984,奈良交通,,惣坂,
0,1985,奈良交通,,大杉,
0,1986,奈良交通,,広橋峠,
0,1987,奈良交通,,庄屋辻,
0,1988,奈良交通,,高野橋,
0,1989,奈良交通,,宮前橋,
0,1990,奈良交通,,長谷口,
0,1991,奈良交通,,長谷,
0,1992,奈良交通,,丹生口,
0,1993,奈良交通,,岩阪橋,
0,1994,奈良交通,,丹生,
0,1995,奈良交通,,丹生橋,
0,1996,奈良交通,,黒滝案内センター,
0,1997,奈良交通,,蛇が谷,
0,1998,奈良交通,,下桂原,
0,1999,奈良交通,,桂原,
0,2000,奈良交通,,下笠木,
0,2001,奈良交通,,笠木,
0,2002,奈良交通,,上笠木,
0,2003,奈良交通,,向加名生,
0,2005,奈良交通,,天川川合,
0,2006,奈良交通,,中越,
0,2007,奈良交通,,観音峰登山口,
0,2008,奈良交通,,洞川温泉,
0,2009,奈良交通,,草谷口,
0,2010,奈良交通,,仔邑,
0,2011,奈良交通,,下立石,
0,2012,奈良交通,,蔭地,
0,2013,奈良交通,,上立石,
0,2014,奈良交通,,才谷,
0,2021,奈良交通,,南大和一丁目,
0,2022,奈良交通,,南大和二丁目,
0,2023,奈良交通,,南大和三丁目,
0,2038,奈良交通,,専用道大日川,
0,2039,奈良交通,,大迫口,
0,2040,奈良交通,,大迫ダム,
0,2042,奈良交通,,沖金,
0,2043,奈良交通,,中谷,
0,2044,奈良交通,,上沢原,
0,2045,奈良交通,,沢原,
0,2046,奈良交通,,南日裏口,
0,2047,奈良交通,,南日裏,
0,2048,奈良交通,,坪内,
0,2049,奈良交通,,九尾,
0,2050,奈良交通,,上栃尾,
0,2051,奈良交通,,栃尾,
0,2052,奈良交通,,下栃尾,
0,2053,奈良交通,,天川和田,
0,2054,奈良交通,,中和田,
0,2055,奈良交通,,下和田,
0,2056,奈良交通,,天川西谷口,
0,2057,奈良交通,,上庵住,
0,2058,奈良交通,,中庵住,
0,2059,奈良交通,,天河大弁財天社,
0,2060,奈良交通,,天の川温泉,
0,2061,奈良交通,,衣笠,
0,2062,奈良交通,,専用道黒渕,
0,2063,奈良交通,,専用道城戸,
0,2064,奈良交通,,西吉野温泉,
0,2086,奈良交通,,尻枝口,
0,2087,奈良交通,,下手口,
0,2088,奈良交通,,辻,
0,2089,奈良交通,,勝風口,
0,2090,奈良交通,,大畑口,
0,2091,奈良交通,,西畑口,
0,2092,奈良交通,,岩船寺,
0,2093,奈良交通,,西畑,
0,2094,奈良交通,,東小,
0,2095,奈良交通,,加茂山の家,
0,2100,奈良交通,,中央体育館,
0,2108,奈良交通,,梅谷,
0,2109,奈良交通,,分校橋,
0,2120,奈良交通,,新宮駅,
0,2121,奈良交通,,河合,
0,2122,奈良交通,,上北山中学校前,
0,2123,奈良交通,,南坂,
0,2124,奈良交通,,下田,
0,2125,奈良交通,,西原,
0,2126,奈良交通,,天が瀬,
0,2127,奈良交通,,上北山郵便局前,
0,2128,奈良交通,,失尾,
0,2129,奈良交通,,白川発電所前,
0,2130,奈良交通,,白川,
0,2131,奈良交通,,水尻,
0,2132,奈良交通,,伯母谷口,
0,2133,奈良交通,,山本茶屋,
0,2134,奈良交通,,和佐又口,
0,2135,奈良交通,,高田和,
0,2136,奈良交通,,中央橋,
0,2137,奈良交通,,深瀬,
0,2138,奈良交通,,古代,
0,2139,奈良交通,,前鬼口,
0,2140,奈良交通,,音枝,
0,2141,奈良交通,,池原ダム,
0,2142,奈良交通,,池原,
0,2143,奈良交通,,池原大橋,
0,2144,奈良交通,,池峯公園,
0,2145,奈良交通,,池峯,
0,2146,奈良交通,,南垣内,
0,2147,奈良交通,,松葉垣内,
0,2148,奈良交通,,住吉,
0,2149,奈良交通,,寺垣内駐在所前,
0,2150,奈良交通,,寺垣内,
0,2151,奈良交通,,浦向,
0,2152,奈良交通,,不動峠口,
0,2153,奈良交通,,道須,
0,2154,奈良交通,,佐田,
0,2155,奈良交通,,佐田公民館前,
0,2156,奈良交通,,下深瀬,
0,2157,奈良交通,,田戸,
0,2158,奈良交通,,地原,
0,2159,奈良交通,,上桑原,
0,2160,奈良交通,,下桑原,
0,2192,奈良交通,,熊野市駅,
0,2226,奈良交通,,三山木駅,
0,2227,奈良交通,,飯岡口,
0,2228,奈良交通,,飯岡,
0,2229,奈良交通,,水取,
0,2230,奈良交通,,他力橋,
0,2231,奈良交通,,普賢寺,
0,2232,奈良交通,,多々羅,
0,2233,奈良交通,,二又,
0,2234,奈良交通,,打田,
0,2235,奈良交通,,打田宮東,
0,2236,奈良交通,,車谷,
0,2237,奈良交通,,高木,
0,2238,奈良交通,,興戸,
0,2239,奈良交通,,田辺中学校前,
0,2240,奈良交通,,京田辺市役所,
0,2241,奈良交通,,同志社国際中・高校,
0,2242,奈良交通,,押熊・神功,
0,2243,奈良交通,,同志社女子大学正門,
0,2244,奈良交通,,ウェルサンピア京都,
0,2245,奈良交通,,川西小学校前,
0,2246,奈良交通,,僧坊,
0,2247,奈良交通,,下狛,
0,2248,奈良交通,,菱田,
0,2249,奈良交通,,宮ノ口,
0,2250,奈良交通,,江津,
0,2251,奈良交通,,三山木小学校前,
0,2262,奈良交通,,田辺本町,
0,2263,奈良交通,,一休ヶ丘,
0,2264,奈良交通,,長尾谷,
0,2265,奈良交通,,茂ヶ谷,
0,2266,奈良交通,,田辺小学校前,
0,2267,奈良交通,,茶屋前,
0,2268,奈良交通,,一休寺道,
0,2269,奈良交通,,同志社大学デイヴィス記念館,
0,2270,奈良交通,,同志社大学工学部,
0,2271,奈良交通,,同志社大学正門,
0,2272,奈良交通,,茶屋前（東口）,
0,2273,奈良交通,,松井天神社前,
0,2275,奈良交通,,同志社北門,
0,2276,奈良交通,,梅美台五丁目,
0,2277,奈良交通,,梅美台七丁目,
0,2278,奈良交通,,中登美ヶ丘四丁目,
0,2279,奈良交通,,中登美ヶ丘三丁目,
0,2280,奈良交通,,州見橋東,
0,2281,奈良交通,,州見台五丁目,
0,2282,奈良交通,,州見台六丁目,
0,2283,奈良交通,,梅美台小学校,
0,2284,奈良交通,,関西光科学研究所,
0,2285,奈良交通,,州見台七丁目東,
0,2287,奈良交通,,州見台七丁目,
0,2290,奈良交通,,州見台八丁目,
0,2291,奈良交通,,五丁目南,
0,2292,奈良交通,,富雄,
0,2293,奈良交通,,下三橋町北,
0,2294,奈良交通,,東光小学校,
0,2295,奈良交通,,光台六丁目西,
0,2296,奈良交通,,光台六丁目,
0,2297,奈良交通,,光台五丁目,
0,2298,奈良交通,,光台二丁目,
0,2299,奈良交通,,いずみホール,
0,2301,奈良交通,,県立図書情報館西口,
0,2304,奈良交通,,安楽寺前,
0,2305,奈良交通,,四条大路一丁目東,
0,2306,奈良交通,,斑鳩高校,
0,2310,奈良交通,,磐城駅,
0,2313,奈良交通,,運転免許センター,
0,2314,奈良交通,,太田,
0,2317,奈良交通,,大泉,
0,2319,奈良交通,,大泉東口,
0,2322,奈良交通,,大場,
0,2324,奈良交通,,大宮町六丁目,
0,2329,奈良交通,,興留,
0,2330,奈良交通,,太田市町,
0,2332,奈良交通,,かしの木台,
0,2333,奈良交通,,かしの木台一丁目,
0,2339,奈良交通,,上庄台,
0,2340,奈良交通,,枯木橋,
0,2345,奈良交通,,額安寺口,
0,2346,奈良交通,,学園緑ヶ丘一丁目,
0,2347,奈良交通,,学園緑ヶ丘二丁目,
0,2348,奈良交通,,学園緑ヶ丘二丁目北口,
0,2349,奈良交通,,北小学校前,
0,2350,奈良交通,,北花内御陵前,
0,2351,奈良交通,,北吐田,
0,2352,奈良交通,,木戸,
0,2353,奈良交通,,葛木,
0,2354,奈良交通,,葛本町新屋敷,
0,2355,奈良交通,,くちなし幼稚園前,
0,2357,奈良交通,,県営稗田団地,
0,2358,奈良交通,,公団郡山駅前団地,
0,2359,奈良交通,,健民運動場前,
0,2360,奈良交通,,小泉駅,
0,2361,奈良交通,,広陵北小学校前,
0,2362,奈良交通,,広陵高校前,
0,2363,奈良交通,,広陵交通公園前,
0,2364,奈良交通,,広陵中,
0,2365,奈良交通,,国保中央病院,
0,2366,奈良交通,,古寺,
0,2367,奈良交通,,古寺南口,
0,2368,奈良交通,,小柳,
0,2373,奈良交通,,はなさとほいくえん,
0,2374,奈良交通,,三和町,
0,2375,奈良交通,,社会教育センター,
0,2376,奈良交通,,社会教育センター前,
0,2377,奈良交通,,尺土駅,
0,2378,奈良交通,,昭和浄水場前,
0,2379,奈良交通,,信貴簡保センター,
0,2380,奈良交通,,四条大路,
0,2381,奈良交通,,四条大路一丁目,
0,2382,奈良交通,,四条大路南町,
0,2383,奈良交通,,新大宮駅前,
0,2384,奈良交通,,新庄町老人福祉センター前,
0,2385,奈良交通,,新田,
0,2386,奈良交通,,JR高田駅西口,
0,2387,奈良交通,,ＪＲ高田駅,
0,2389,奈良交通,,杉町,
0,2390,奈良交通,,鈴原,
0,2396,奈良交通,,当麻イトーピア,
0,2397,奈良交通,,当麻町役場前,
0,2399,奈良交通,,高田市役所前,
0,2400,奈良交通,,高田市立病院前,
0,2402,奈良交通,,高田藤の森,
0,2404,奈良交通,,竹内,
0,2409,奈良交通,,田原本バスセンター,
0,2412,奈良交通,,丹後庄町,
0,2413,奈良交通,,丹後庄町南,
0,2414,奈良交通,,大門橋,
0,2415,奈良交通,,中央公園北,
0,2416,奈良交通,,中央公民館前,
0,2418,奈良交通,,筒井町,
0,2419,奈良交通,,椿台２号公園前,
0,2420,奈良交通,,椿台会館前,
0,2421,奈良交通,,椿台中央通,
0,2422,奈良交通,,天井町,
0,2427,奈良交通,,十市団地,
0,2429,奈良交通,,唐院北口,
0,2430,奈良交通,,唐院西口,
0,2431,奈良交通,,常盤町,
0,2432,奈良交通,,奈良市庁東口,
0,2433,奈良交通,,南郷,
0,2434,奈良交通,,南郷市場,
0,2435,奈良交通,,南郷北口,
0,2436,奈良交通,,南郷南口,
0,2437,奈良交通,,如意,
0,2439,奈良交通,,西安堵,
0,2440,奈良交通,,西葛城消防署,
0,2442,奈良交通,,西公園前,
0,2444,奈良交通,,西奈良中央病院前,
0,2447,奈良交通,,額田部北町,
0,2448,奈良交通,,額田部口,
0,2449,奈良交通,,額田部寺町,
0,2453,奈良交通,,白光田池前,
0,2454,奈良交通,,箸尾駅,
0,2455,奈良交通,,花園町,
0,2456,奈良交通,,吐田,
0,2457,奈良交通,,百楽園三丁目,
0,2458,奈良交通,,百楽園二丁目,
0,2459,奈良交通,,百楽園四丁目,
0,2460,奈良交通,,兵家,
0,2463,奈良交通,,東安堵,
0,2464,奈良交通,,東竹田町,
0,2466,奈良交通,,日之出町,
0,2469,奈良交通,,平端駅,
0,2470,奈良交通,,法隆寺門前,
0,2471,奈良交通,,本庄町,
0,2472,奈良交通,,的場,
0,2473,奈良交通,,的場橋,
0,2474,奈良交通,,緑ヶ丘北,
0,2475,奈良交通,,緑ヶ丘ショッピングセンター前,
0,2476,奈良交通,,緑ヶ丘商店街前,
0,2477,奈良交通,,緑ヶ丘東,
0,2478,奈良交通,,南公園前,
0,2479,奈良交通,,耳成高校前,
0,2480,奈良交通,,耳成小学校前,
0,2481,奈良交通,,元山上口駅,
0,2484,奈良交通,,屋敷山公園前,
0,2485,奈良交通,,安富橋,
0,2486,奈良交通,,柳町,
0,2489,奈良交通,,吉新商店街前,
0,2491,奈良交通,,立正佼成会前,
0,2492,奈良交通,,老人福祉センター前,
0,2493,奈良交通,,若葉台公園前,
0,2494,奈良交通,,若葉台集会所前,
0,2495,奈良交通,,やわらぎの郷,
0,2496,奈良交通,,東山駅,
0,2498,奈良交通,,近畿大学医学部奈良病院,
0,2500,奈良交通,,五丁目,
0,2501,奈良交通,,三丁目,
0,2502,奈良交通,,中央図書館,
0,2503,奈良交通,,木津北の庄（南）,
0,2504,奈良交通,,宮ノ前,
0,2505,奈良交通,,相楽台北,
0,2506,奈良交通,,福祉会館,
0,2507,奈良交通,,相楽,
0,2508,奈良交通,,相楽台東,
0,2509,奈良交通,,相楽台小学校,
0,2510,奈良交通,,相楽台西,
0,2511,奈良交通,,西部出張所,
0,2512,奈良交通,,兜台七丁目,
0,2530,奈良交通,,平群中学校,
0,2566,奈良交通,,住江織物,
0,2605,奈良交通,,光台南,
0,2606,奈良交通,,ユータウン,
0,2607,奈良交通,,北大和四丁目,
0,2608,奈良交通,,学研奈良登美ヶ丘駅,
0,2609,奈良交通,,学研奈良登美ヶ丘駅（南）,
0,2610,奈良交通,,学研北生駒駅,
0,2611,奈良交通,,白庭台駅,
0,2612,奈良交通,,登美ヶ丘高校,
0,2613,奈良交通,,柘榴西,
0,2999,奈良交通,,田原台九丁目西,
0,3000,奈良交通,,大滝ダム学べる建設ステーション,
0,3001,奈良交通,,生駒駅北口,
0,3002,奈良交通,,ＮＴＴけいはんな,
0,3003,奈良交通,,けいはんな記念公園,
0,3004,奈良交通,,宮の平,
0,3005,奈良交通,,白屋,
0,3006,奈良交通,,人知,
0,3007,奈良交通,,武木,
0,3008,奈良交通,,奈良学園,
0,3009,奈良交通,,五條駅北口,
0,3010,奈良交通,,南田原,
0,3011,奈良交通,,田原台九丁目南,
0,3012,奈良交通,,田原台九丁目,
0,3013,奈良交通,,私のしごと館,
0,3015,奈良交通,,木津川台八丁目,
0,3016,奈良交通,,京田辺稲葉,
0,3019,奈良交通,,岡,
0,3020,奈良交通,,五條高校,
0,3021,奈良交通,,星のくに,
0,3022,奈良交通,,大塔温泉夢乃湯,
0,3024,奈良交通,,東大寺大仏殿・国立博物館,
0,3026,奈良交通,,国立国会図書館,
0,3028,奈良交通,,けいなわ通り,
0,3029,奈良交通,,植田・南稲八妻,
0,3700,奈良交通,,宮ノ裏,
0,3800,奈良交通,,宮ノ裏西口,
0,8359,奈良交通,,東大路,天理市内循環
0,9024,奈良交通,,柳生上,自由乗降、阪原北出〜柳生間
0,9179,奈良交通,,亀本宅前,自由乗降、下平野〜高見平野間
0,9186,奈良交通,,やはた温泉,自由乗降、大豆生〜麦谷口間
