NICELineCode,NICEStationCode,NICECompanyName,NICELineName,NICEStationName,NICENote
0,0,BS,,,
0,10,BS,,lw,
0,110010,BS,,cʂ,
0,110020,BS,,c,
0,110030,BS,,,
0,110040,BS,,sO,
0,110050,BS,,p,
0,110060,BS,,J,
0,110070,BS,,J,
0,110080,BS,,lk,
0,110085,BS,,k,
0,110090,BS,,lw@w,
0,110095,BS,,wZ,
0,110100,BS,,lO,
0,110110,BS,,ߍ,
0,110120,BS,,x˒wZ,
0,110130,BS,,x,
0,110140,BS,,퐶,
0,110150,BS,,퐶cn,
0,110160,BS,,퐶cn,
0,110170,BS,,K,
0,110180,BS,,Rcn,
0,110190,BS,,JARxX,
0,110200,BS,,_c,
0,110210,BS,,O,
0,110220,BS,,O,
0,110230,BS,,ɍ,
0,110240,BS,,k,
0,110250,BS,,ԍ,
0,110260,BS,,Γcn,
0,110261,BS,,̂Ⓦ,
0,110262,BS,,Γcnk,
0,110263,BS,,cnʂ,
0,110264,BS,,ccn,
0,110270,BS,,Γcn,
0,110280,BS,,Γcn,
0,110289,BS,,ΓwZ,
0,110290,BS,,,
0,110300,BS,,an,
0,110310,BS,,an,
0,110320,BS,,,
0,110330,BS,,t[p[N,
0,110330,BS,,scwO,
0,110340,BS,,V,
0,110350,BS,,,
0,110360,BS,,l΃Xg[g,
0,110370,BS,,l΃pp,
0,110375,BS,,SzeGpC,
0,110380,BS,,ڎR,
0,110385,BS,,Rڋӗ,
0,110386,BS,,X,
0,110387,BS,,d,
0,110390,BS,,sO,
0,110400,BS,,ڎRX֋,
0,110410,BS,,ڎR,
0,110420,BS,,JAڎRxX,
0,110425,BS,,ڎRcƏ,
0,110430,BS,,,
0,110440,BS,,,
0,110450,BS,,a,
0,110460,BS,,ak,
0,110470,BS,,a,
0,110480,BS,,wZ,
0,110490,BS,,ߒ,
0,110500,BS,,,
0,110502,BS,,c@,
0,110505,BS,,]Z^[,
0,110506,BS,,JAbN,
0,110507,BS,,GNVul,
0,110510,BS,,ߓ,
0,110515,BS,,lΉԔ,
0,110520,BS,,ߊC,
0,110525,BS,,l΃K[fp[N,
0,110530,BS,,V,
0,110535,BS,,l΃Cze,
0,110540,BS,,璹,
0,110545,BS,,TCNl,
0,110560,BS,,,
0,110570,BS,,呐,
0,110580,BS,,h,
0,110600,BS,,,
0,110610,BS,,,
0,110620,BS,,,
0,110630,BS,,kwZ,
0,110640,BS,,,
0,110650,BS,,񔽓c,
0,110660,BS,,lc,
0,110670,BS,,Fԏ,
0,110680,BS,,JAFxX,
0,110690,BS,,FDD,
0,110700,BS,,Ic,
0,110710,BS,,c,
0,110720,BS,,a,
0,110730,BS,,,
0,111010,BS,,l,
0,120010,BS,,,
0,120020,BS,,,
0,120030,BS,,ڎR,
0,120040,BS,,O[t@[,
0,120050,BS,,ɓ,
0,120060,BS,,mJ,
0,120070,BS,,ɖ,
0,120080,BS,,x,
0,120090,BS,,喾_,
0,120100,BS,,,
0,120110,BS,,c,
0,120120,BS,,gM,
0,120130,BS,,[,
0,120140,BS,,[,
0,120150,BS,,ɖڍ,
0,120160,BS,,[,
0,130010,BS,,,
0,130020,BS,,U,
0,130030,BS,,q,
0,130035,BS,,q␼,
0,130040,BS,,,
0,130050,BS,,ɏ,
0,130060,BS,,Hc,
0,130070,BS,,ɏՓ,
0,130080,BS,,,
0,130085,BS,,,
0,130090,BS,,iqlH,
0,130100,BS,,ɏ,
0,130110,BS,,X֋,
0,130120,BS,,F,
0,130130,BS,,F,
0,130140,BS,,c,
0,130150,BS,,쓌,
0,130160,BS,,,
0,130170,BS,,쐼,
0,130180,BS,,약,
0,130190,BS,,약,
0,130200,BS,,],
0,130210,BS,,,
0,130220,BS,,usC,
0,130230,BS,,usC,
0,130240,BS,,CIusC,usC
0,130250,BS,,邪u,
0,130260,BS,,R,
0,130265,BS,,R,
0,130270,BS,,R,
0,130280,BS,,Fz̉,
0,130290,BS,,Y},
0,130300,BS,,FzH,
0,130310,BS,,Fz,
0,130320,BS,,R,
0,130330,BS,,m{,
0,130340,BS,,R,
0,130350,BS,,RDD,
0,130360,BS,,R,
0,130370,BS,,YwZ,
0,130380,BS,,Fz,
0,130400,BS,,lw,
0,130401,BS,,,
0,130402,BS,,,
0,130403,BS,,liCKC,
0,130405,BS,,CIusCVbsOZ^[,
0,139538,BS,,},
0,140010,BS,,}nrOebN,
0,140020,BS,,,
0,140030,BS,,,
0,140040,BS,,_J,
0,140050,BS,,JA_vCxX,
0,140060,BS,,_J,
0,140070,BS,,_J,
0,140075,BS,,_vCct,
0,140080,BS,,vۓ,
0,140090,BS,,,
0,140100,BS,,E_,
0,140110,BS,,v,
0,140120,BS,,m,
0,140130,BS,,m,
0,140210,BS,,H,
0,140220,BS,,Y,
0,140220,BS,,Yw,uYvoX▼ύX
0,140221,BS,,Γ썂Z,
0,140230,BS,,Γ쑑,
0,140240,BS,,w,
0,140250,BS,,wO,
0,141100,BS,,_vCwZ,
0,141110,BS,,_vCwZ,
0,150010,BS,,ɍn,
0,150020,BS,,JAɍxX,
0,150030,BS,,ɍwZ,
0,150040,BS,,Γa@O,
0,150050,BS,,l,
0,150060,BS,,l,
0,150070,BS,,mJ,
0,150080,BS,,l,
0,150090,BS,,l,
0,160010,BS,,scZ,
0,160020,BS,,v[,
0,160030,BS,,l{wZ,
0,160040,BS,,]V,
0,160050,BS,,]V,
0,160055,BS,,Cl,
0,160060,BS,,{c,
0,160070,BS,,e,
0,160080,BS,,e,
0,160090,BS,,,
0,160100,BS,,SHcn,
0,160110,BS,,SHg,
0,160120,BS,,O,
0,160130,BS,,ɑ,
0,160140,BS,,̉Ɩk,
0,160150,BS,,,
0,160160,BS,,ATu]V,
0,161010,BS,,ԕa@,
0,161020,BS,,ѐ,
0,161030,BS,,Jc,
0,161040,BS,,l,
0,161050,BS,,lcr,
0,161060,BS,,J,
0,161070,BS,,㓇,
0,161080,BS,,㓇Z,
0,161090,BS,,scOh,
0,161100,BS,,u,
0,161110,BS,,uZ,
0,161210,BS,,r,
0,161220,BS,,u,
0,161230,BS,,Puk,
0,161240,BS,,OcƏk,
0,161250,BS,,cRk,
0,161260,BS,,c,
0,161270,BS,,cR,
0,161300,BS,,]VZ,
0,170005,BS,,Bl,
0,170010,BS,,cƏ,
0,170020,BS,,Bl,
0,170030,BS,,Bl,
0,170040,BS,,BlO,
0,170050,BS,,,
0,170055,BS,,BlwZ,
0,170060,BS,,Bl,
0,170070,BS,,Bl,
0,170080,BS,,,
0,170090,BS,,,
0,170100,BS,,,
0,170110,BS,,Y,
0,170120,BS,,YO,
0,170130,BS,,䋋,
0,170140,BS,,],
0,170150,BS,,l{,
0,170160,BS,,l{k,
0,170170,BS,,F,
0,170180,BS,,F쐼,
0,170190,BS,,{,
0,170200,BS,,̉ƗX֋,
0,170200,BS,,̉ƗX֋,
0,170210,BS,,̉Ɛ,
0,170210,BS,,̉Ɛ,
0,170220,BS,,,
0,170220,BS,,,
0,170230,BS,,TwZ,
0,170240,BS,,͍y,
0,170250,BS,,꒚,
0,170260,BS,,,
0,170310,BS,,̖ؒʂ,
0,170320,BS,,,
0,170330,BS,,,
0,170340,BS,,Ht≺,
0,170350,BS,,≺,
0,170360,BS,,JA儒ˎxX,
0,170370,BS,,R蒬,
0,170380,BS,,儒ˍ,
0,170390,BS,,,
0,170400,BS,,儒ˈՑO,
0,170410,BS,,儒ˈՐ,
0,170420,BS,,l,
0,170425,BS,,zCgXg[g,
0,170430,BS,,Εa@O,
0,170440,BS,,,
0,170450,BS,,6ړ,
0,170460,BS,,WXR,
0,170510,BS,,邪u,
0,170520,BS,,邪ucn,
0,170530,BS,,c[Z,
0,170603,BS,,Ս],
0,170605,BS,,,
0,170607,BS,,Ս],
0,170610,BS,,啽勴,
0,170620,BS,,啽4,
0,170630,BS,,啽䍂Z,
0,170640,BS,,ΐݖk,
0,170650,BS,,SXgA啽X,
0,170660,BS,,啽2,
0,170670,BS,,啽3ړ,(ΐݖk)
0,170680,BS,,啽4ڐ,
0,170690,BS,,s䏬wZ,
0,170700,BS,,啽2ړ,
0,170710,BS,,啽2ږk,
0,170720,BS,,啽1,
0,180010,BS,,O,
0,180020,BS,,,
0,180030,BS,,OV,
0,180040,BS,,ωO,
0,180050,BS,,,
0,180060,BS,,͗֏wZ,
0,180070,BS,,x,
0,180080,BS,,z,
0,180090,BS,,,
0,180100,BS,,,
0,180110,BS,,e,
0,180120,BS,,eǑO,
0,180130,BS,,͂ɂ᎛O,
0,180140,BS,,O,
0,180150,BS,,݂O,
0,180160,BS,,O,
0,180170,BS,,kq,
0,180180,BS,,kq,
0,180190,BS,,T,
0,180200,BS,,m,
0,181010,BS,,_c,
0,181020,BS,,@}Z,
0,181030,BS,,cKVc,
0,181040,BS,,nO,
0,181050,BS,,Vc,
0,181060,BS,,H,
0,181070,BS,,Z,
0,181080,BS,,uwZ,
0,190010,BS,,cԌ,
0,190020,BS,,u,
0,190030,BS,,Cݒʂ,
0,190035,BS,,Cݒʂ萼,
0,190040,BS,,ccn,
0,190050,BS,,cZ,
0,190055,BS,,ccn,
0,190060,BS,,cu,
0,190070,BS,,c,
0,190080,BS,,V藠,
0,190090,BS,,Vc,
0,190100,BS,,L܂,
0,190110,BS,,唨,
0,190120,BS,,la@,
0,190125,BS,,O,
0,190130,BS,,Z,
0,190140,BS,,l_А,
0,190150,BS,,쒆O,
0,190160,BS,,T,
0,190170,BS,,,
0,190180,BS,,R,
0,190190,BS,,,
0,190200,BS,,R,
0,190310,BS,,zk,
0,190320,BS,,u,
0,190330,BS,,uZ,
0,190340,BS,,kw,
0,210010,BS,,˓,
0,210020,BS,,V,
0,210030,BS,,܏Zg,
0,210040,BS,,,
0,210050,BS,,т厛,
0,210060,BS,,Ό,
0,210070,BS,,,
0,210080,BS,,F쏬wZ,
0,210090,BS,,,
0,210100,BS,,,
0,210110,BS,,k,
0,210120,BS,,{,
0,210130,BS,,{,
0,210140,BS,,{k,
0,210150,BS,,`,
0,210160,BS,,`,
0,210170,BS,,yʏȑO,
0,210180,BS,,h,
0,210190,BS,,zK_Г,
0,210200,BS,,Љیa@,
0,210210,BS,,k,
0,210220,BS,,R,
0,211010,BS,,_,
0,211020,BS,,_,
0,211030,BS,,_,
0,211040,BS,,_vC,
0,211050,BS,,ԏ,
0,211060,BS,,ΓZ,
0,211070,BS,,ΓZ,
0,211080,BS,,lّO,
0,211090,BS,,ЂƂ݃u,
0,211100,BS,,ЂƂ݃u,
0,211110,BS,,ЂƂ݃u,
0,211120,BS,,ЂƂ݃u,
0,211130,BS,,ΐlcn,
0,211140,BS,,Ðl,
0,211150,BS,,Ðl,
0,211160,BS,,DD,
0,211170,BS,,Ðl,
0,211180,BS,,䂤ЂƂݐ,
0,211190,BS,,䂤ЂƂݒ,
0,211200,BS,,䂤ЂƂݓ,
0,211220,BS,,ЂƂ݃uk,
0,220010,BS,,ĒÊCݓ,
0,220020,BS,,ĒÊCݐ,
0,220030,BS,,ĒÕl,
0,220030,BS,,ĒÕl,
0,220040,BS,,ĒÐ_,
0,220050,BS,,bw,
0,220060,BS,,ĒÐ,
0,220070,BS,,}n}O,
0,220080,BS,,D,
0,220090,BS,,ĒÒ,
0,220100,BS,,,
0,220110,BS,,ĒÓ,
0,220120,BS,,AO,
0,220130,BS,,{,
0,220140,BS,,\͊JZ,
0,220150,BS,,cK,
0,220160,BS,,cKk,
0,220170,BS,,_c,
0,220180,BS,,_c,
0,220190,BS,,t,
0,220195,BS,,]w,
0,220200,BS,,c,
0,220210,BS,,ԍZ,
0,220220,BS,,c{O,
0,220230,BS,,ٓ,
0,220240,BS,,匵,
0,221000,BS,,wZ,
0,221010,BS,,{,
0,221020,BS,,{,
0,221030,BS,,w,
0,221038,BS,,ʂ萼,
0,221040,BS,,ʂ,
0,221050,BS,,VÒ,
0,221060,BS,,VX,
0,221070,BS,,֎q,
0,221080,BS,,ד,
0,221090,BS,,oVc,
0,221100,BS,,,
0,221110,BS,,~,
0,221120,BS,,o,
0,221130,BS,,,
0,221140,BS,,k,
0,221150,BS,,o,
0,221160,BS,,㓇w,
0,230010,BS,,VLZ,
0,230020,BS,,ΉiZ^[,
0,230030,BS,,VL,
0,230040,BS,,ߌ,
0,230050,BS,,ѓc,
0,230060,BS,,ߌ,
0,230065,BS,,vUV,
0,230070,BS,,,
0,230080,BS,,ѓc\H,
0,230090,BS,,ѓc,
0,230100,BS,,w,
0,230110,BS,,Oa,
0,230120,BS,,Oa,
0,230130,BS,,n,
0,230140,BS,,,
0,230150,BS,,Hcw,
0,230155,BS,,h,
0,230310,BS,,sZ,
0,230320,BS,,L꒚,
0,230330,BS,,L򏬊wZ,
0,230340,BS,,la@,
0,230350,BS,,儒˒wk,
0,230360,BS,,C̐Z,
0,230370,BS,,ÃZ^[,
0,230380,BS,,ܒ,
0,230390,BS,,,
0,230400,BS,,,
0,230410,BS,,R,
0,230420,BS,,xˎԌ,
0,230430,BS,,p[N^E,
0,230440,BS,,p[N^E,
0,230445,BS,,,
0,230450,BS,,xˏwZ,
0,230460,BS,,,
0,230470,BS,,xˑ勴,
0,230480,BS,,ێRcn,
0,230490,BS,,ڂ̒cn,
0,230500,BS,,⋴,
0,230510,BS,,񂰂,
0,230520,BS,,吳≺,
0,230530,BS,,吳,
0,230535,BS,,ascZ,
0,230540,BS,,anRk,
0,230550,BS,,ꌟfZ^[,
0,230560,BS,,ꂢa@,
0,230570,BS,,lw@Zg,
0,230580,BS,,lw@Zg,
0,240010,BS,,l,
0,240020,BS,,l,
0,240025,BS,,h{,
0,240026,BS,,l|,
0,240030,BS,,r쒬,
0,240040,BS,,tz[,
0,240050,BS,,k꒚,
0,240060,BS,,ǕwZ,
0,240061,BS,,ZԒǕ,
0,240070,BS,,@,
0,240080,BS,,ώ,
0,240090,BS,,]Oړ,
0,240100,BS,,]Oڒ,
0,240110,BS,,]Oڐ,
0,240120,BS,,菼k,
0,250010,BS,,R,
0,250020,BS,,R,
0,250030,BS,,V,
0,250030,BS,,V,uVvoX▼ύX
0,250040,BS,,ԓ,
0,250045,BS,,Vэ,
0,250050,BS,,񖓉,
0,250060,BS,,񖓒,
0,250070,BS,,Hspٓ,
0,250080,BS,,鉺,
0,250090,BS,,HR,
0,250100,BS,,k,
0,250110,BS,,,
0,250120,BS,,w,
0,250130,BS,,w,
0,250140,BS,,,
0,250150,BS,,HO,
0,250160,BS,,啽,
0,250170,BS,,啽,
0,250180,BS,,JAxX,
0,250190,BS,,l,
0,250200,BS,,,
0,250210,BS,,,
0,250220,BS,,쒆,
0,250225,BS,,Ԍ,
0,250230,BS,,cn,
0,250240,BS,,㉮~,
0,250250,BS,,,
0,250260,BS,,͌,
0,250270,BS,,ŏ,
0,250280,BS,,㑺,
0,250290,BS,,}㒬,
0,250300,BS,,}k,
0,250310,BS,,},
0,250320,BS,,}{,
0,250330,BS,,}V,
0,250340,BS,,}x@,
0,250350,BS,,P,
0,250360,BS,,JAxX,
0,250370,BS,,Γc,
0,250380,BS,,Γc,
0,250390,BS,,s,
0,250400,BS,,s,
0,250410,BS,,^iwZ,
0,250420,BS,,JAxX,
0,250430,BS,,V,
0,250440,BS,,k,
0,250450,BS,,,
0,250460,BS,,ϓd,
0,250470,BS,,lvU,
0,250480,BS,,{|,
0,250485,BS,,{|,
0,250490,BS,,lX|[cZ^[,
0,250500,BS,,wZ,
0,251010,BS,,nM,
0,251020,BS,,a,
0,251030,BS,,aZ,
0,251040,BS,,I[g[X,
0,251050,BS,,cJ,
0,251055,BS,,L,
0,251060,BS,,ln,
0,251070,BS,,R,
0,251081,BS,,R,
0,251091,BS,,R,
0,252010,BS,,u,
0,252020,BS,,Jw,
0,252030,BS,,uX֋,
0,252040,BS,,u_,
0,252050,BS,,_А,
0,252060,BS,,䏬wZ,
0,252065,BS,,kj,
0,252070,BS,,䋴,
0,252080,BS,,u,
0,252090,BS,,u,
0,252100,BS,,h,
0,252101,BS,,啽,
0,252102,BS,,啽,
0,252103,BS,,Tj[TChK[f,
0,252104,BS,,Tj[TChK[f,
0,252105,BS,,t@CuK[fY,
0,252106,BS,,قk,
0,252107,BS,,t@CuK[fY,
0,252108,BS,,Jk,
0,252109,BS,,{f[,
0,252110,BS,,Ԑ쏬wZ,
0,252120,BS,,Ԑ,
0,252125,BS,,Ԑ^,
0,252210,BS,,u,
0,252220,BS,,n,
0,252230,BS,,nk,
0,252410,BS,,lZ,
0,252500,BS,,eNmّO,
0,252600,BS,,ѐO,
0,252700,BS,,R,
0,252800,BS,,RO,
0,260010,BS,,֓ccƏ,
0,260020,BS,,֓cwO,
0,260030,BS,,킩Αcn,
0,260040,BS,,xm,
0,260050,BS,,t,
0,260060,BS,,Vʒ,
0,260065,BS,,ΐ,
0,260070,BS,,ΐ,
0,260080,BS,,썂Z,
0,260090,BS,,֓cs,
0,260100,BS,,֓c,
0,260110,BS,,֓c,
0,260120,BS,,֓cw,
0,260130,BS,,֓ch,
0,260140,BS,,֓cΌ,
0,260150,BS,,V,
0,260160,BS,,wZ,
0,260170,BS,,֓c,
0,260180,BS,,,
0,260190,BS,,\,
0,260200,BS,,{VF,
0,260210,BS,,{VF,
0,260220,BS,,JALcxX,
0,260230,BS,,З,
0,260240,BS,,X,
0,260250,BS,,m,
0,260252,BS,,m,
0,260260,BS,,mwZ,
0,260270,BS,,,
0,260280,BS,,V,
0,260290,BS,,t,
0,260300,BS,,H,
0,260310,BS,,H,
0,260320,BS,,ac,
0,260330,BS,,ac,
0,260340,BS,,lA[i,
0,260350,BS,,劗,
0,260360,BS,,q,
0,260370,BS,,w,
0,260380,BS,,V_,
0,260390,BS,,V_,
0,260400,BS,,,
0,260410,BS,,],
0,260420,BS,,V,
0,260430,BS,,LH,
0,260510,BS,,`n,
0,260520,BS,,A,
0,260530,BS,,钬,
0,260540,BS,,l,
0,260550,BS,,w|ZO,
0,260560,BS,,,
0,260570,BS,,y,
0,260580,BS,,Z,
0,260590,BS,,ꂢa@,
0,260600,BS,,N̉Ɠ,
0,260610,BS,,kH,
0,260620,BS,,K,
0,260630,BS,,z[,
0,260640,BS,,uwZ,
0,260650,BS,,u,
0,260660,BS,,ݓ,
0,260670,BS,,,
0,260680,BS,,ݖk,
0,260690,BS,,勴,
0,260700,BS,,JAxX,
0,260710,BS,,wZ,
0,260720,BS,,lHO,
0,260730,BS,,lH,
0,260740,BS,,OcƏ,
0,260750,BS,,̍O,
0,260760,BS,,kԓ,
0,260765,BS,,cR,
0,260770,BS,,ȑw,
0,270005,BS,,Lʐ_,
0,270010,BS,,Lʗct,
0,270020,BS,,Lʒ,
0,270030,BS,,Lʖk,
0,270040,BS,,㐣,
0,270110,BS,,q,
0,270120,BS,,gn쓌,
0,280010,BS,,gn,
0,280020,BS,,gnk,
0,280030,BS,,O,
0,280040,BS,,O,
0,280050,BS,,L,
0,280060,BS,,L,
0,280070,BS,,OK,
0,280080,BS,,{wZ,
0,280082,BS,,O,
0,280084,BS,,{cTbJ[,
0,280086,BS,,{cTbJ[ꐼ,
0,280088,BS,,sck,
0,280090,BS,,sc,
0,280090,BS,,sc,
0,280100,BS,,sc,
0,280110,BS,,񂲂,
0,280120,BS,,F,
0,280130,BS,,,
0,280140,BS,,ÐwZO,
0,280150,BS,,lw,
0,280160,BS,,lw,
0,280170,BS,,z,
0,280180,BS,,sc,
0,280190,BS,,sc,
0,280200,BS,,scX֋,
0,280210,BS,,sc,
0,280220,BS,,scwO,
0,280221,BS,,,
0,280222,BS,,{,
0,280223,BS,,Vlt[cp[Nw,
0,280224,BS,,t[cp[N,
0,280230,BS,,scw,
0,280235,BS,,h,
0,280240,BS,,h,
0,280245,BS,,,
0,280250,BS,,,
0,280260,BS,,Vc,
0,280270,BS,,򏬊wZO,
0,280280,BS,,,
0,280290,BS,,Ԗڗ,
0,280300,BS,,J,
0,280310,BS,,,
0,280320,BS,,K,
0,280330,BS,,,
0,280340,BS,,R,
0,280350,BS,,R,
0,280360,BS,,K,
0,280370,BS,,KW,
0,280380,BS,,H@,
0,281010,BS,,Lcn,
0,281020,BS,,,
0,281030,BS,,,
0,281040,BS,,ꗢˋ,
0,281110,BS,,O,
0,281120,BS,,ԏ,
0,281130,BS,,,
0,281130,BS,,AC,
0,281140,BS,,m,
0,281150,BS,,mk,
0,281160,BS,,OJ,
0,281170,BS,,匴,
0,281180,BS,,匴,
0,281190,BS,,[zZ,
0,281195,BS,,[zZ,
0,281200,BS,,,
0,281210,BS,,O,
0,281220,BS,,O,
0,281221,BS,,sc쏬wZ,
0,281230,BS,,Vsc񒚖,
0,281231,BS,,eNm,
0,281232,BS,,eNmk,
0,281233,BS,,,
0,281235,BS,,eNm,
0,281260,BS,,≺,
0,281270,BS,,,
0,281280,BS,,scԌ,
0,290010,BS,,R,
0,290020,BS,,Zԍ,
0,290030,BS,,Éw,
0,290040,BS,,anR,
0,290050,BS,,anR,
0,290060,BS,,Zg,
0,290070,BS,,a,
0,290080,BS,,K,
0,290090,BS,,򒬓,
0,290100,BS,,򒬒,
0,290110,BS,,K,
0,290120,BS,,򒬖k,
0,290130,BS,,,
0,290140,BS,,,
0,290150,BS,,k,
0,290160,BS,,Ǖ,
0,290170,BS,,Ǖ,
0,290180,BS,,Ǖ,
0,290190,BS,,,
0,290200,BS,,wZ,
0,290210,BS,,쌴,
0,290220,BS,,O,
0,290230,BS,,PXԌ,
0,290240,BS,,,
0,290245,BS,,ꗢR,
0,290250,BS,,ꗢR,
0,290260,BS,,J,
0,290270,BS,,J,
0,290280,BS,,Oa@,
0,290290,BS,,ct,
0,290300,BS,,Γ,
0,290310,BS,,Γ,
0,290320,BS,,Γ,
0,290330,BS,,VJ,
0,290340,BS,,V,
0,290350,BS,,,
0,290360,BS,,Clcp,
0,290370,BS,,hɓ,
0,290380,BS,,h,
0,290390,BS,,В,
0,290400,BS,,CwO,
0,290401,BS,,S׍]cƏ,
0,290410,BS,,{wO,
0,290420,BS,,,
0,290430,BS,,Β,
0,290440,BS,,y,
0,290450,BS,,悵{,
0,290460,BS,,C,
0,290470,BS,,C꓌,
0,290480,BS,,C,
0,290490,BS,,⍪,
0,290500,BS,,R,
0,290510,BS,,,
0,290520,BS,,,
0,290530,BS,,,
0,290540,BS,,vē,
0,290550,BS,,v,
0,290560,BS,,vĐ,
0,290570,BS,,vē,
0,290580,BS,,s},
0,290590,BS,,s},
0,290600,BS,,s},
0,290610,BS,,n,
0,290620,BS,,R{,
0,290630,BS,,ؒ,
0,290640,BS,,Fu,
0,290650,BS,,O,
0,290650,BS,,On掩Z^[,uOvoX▼ύX
0,290660,BS,,O,
0,290670,BS,,V,
0,290680,BS,,O,
0,290690,BS,,OԌ,
0,290695,BS,,}][g^EZ^[,
0,290697,BS,,}n[FXgNu,
0,290700,BS,,OȕۃZ^[,
0,300010,BS,,,
0,300020,BS,,k,
0,300030,BS,,kw,
0,300040,BS,,O,
0,300050,BS,,O,
0,300060,BS,,S,
0,300070,BS,,S,
0,300080,BS,,VL@,
0,300090,BS,,ʉ@,
0,300100,BS,,O所,
0,300110,BS,,Ì,
0,300120,BS,,,
0,300130,BS,,jc,
0,300140,BS,,jc,
0,300150,BS,,x21,
0,300160,BS,,Ή,
0,300170,BS,,w,
0,300180,BS,,ZO,
0,300190,BS,,w,
0,300200,BS,,ܓs,
0,300210,BS,,CꍂZO,
0,300220,BS,,C,
0,300230,BS,,,
0,310010,BS,,wk,
0,310020,BS,,J,
0,310030,BS,,ɒJ,
0,310040,BS,,㒬,
0,310050,BS,,ԕ,
0,310060,BS,,ԕ,
0,310070,BS,,Ƃ,
0,310080,BS,,₯,
0,310090,BS,,ꐴ,
0,310100,BS,,ɕ,
0,310110,BS,,ɕ,
0,310120,BS,,ɕ,
0,310130,BS,,ɕ,
0,310140,BS,,c,
0,310150,BS,,hko,
0,310160,BS,,c,
0,310170,BS,,I,
0,310180,BS,,|,
0,310190,BS,,c,
0,310200,BS,,c,
0,310210,BS,,c,
0,310220,BS,,YȂ,
0,310230,BS,,l,
0,310240,BS,,ʏ,
0,310250,BS,,R,
0,310260,BS,,,
0,310270,BS,,c͓,
0,310280,BS,,񂾓,
0,310290,BS,,,
0,310300,BS,,Ђ,
0,310310,BS,,JAaxX,
0,310320,BS,,a,
0,310330,BS,,aV,
0,310340,BS,,@,
0,310350,BS,,,
0,310360,BS,,ԑ,
0,310370,BS,,a쉷O,
0,310410,BS,,ɕwZ,
0,310420,BS,,ԍ,
0,310430,BS,,,
0,310440,BS,,,
0,310450,BS,,`,
0,310460,BS,,얼,
0,310470,BS,,얼,
0,310480,BS,,얼,
0,310490,BS,,J,
0,310500,BS,,v؋,
0,310510,BS,,W,
0,310520,BS,,vؐVc,
0,320010,BS,,_БO,
0,320020,BS,,cn,
0,320030,BS,,,
0,320040,BS,,y,
0,320050,BS,,K,
0,320060,BS,,ɒJ{O,
0,320070,BS,,_{,
0,320080,BS,,k_,
0,320090,BS,,쒆,
0,320100,BS,,,
0,320110,BS,,,
0,320120,BS,,l,
0,320130,BS,,ȌE,
0,320140,BS,,⓴,
0,320150,BS,,n,
0,320160,BS,,,
0,320170,BS,,ē,
0,320180,BS,,RwZO,
0,320190,BS,,,
0,320200,BS,,R,
0,320210,BS,,R,
0,320220,BS,,RԌ,
0,320250,BS,,R,
0,320260,BS,,h,
0,320270,BS,,h,
0,320280,BS,,Γc,
0,320290,BS,,J,
0,320300,BS,,J,
0,320310,BS,,J,
0,320320,BS,,c,
0,320330,BS,,c,
0,320340,BS,,c,
0,320410,BS,,쒆,
0,330010,BS,,V,
0,330020,BS,,ˍ,
0,330030,BS,,R,
0,330040,BS,,V,
0,330050,BS,,V,
0,330060,BS,,,
0,330070,BS,,RgcwZ,
0,330080,BS,,gc,
0,330090,BS,,c,
0,330100,BS,,o,
0,330110,BS,,쉺,
0,330120,BS,,ԕ,
0,330130,BS,,,
0,330140,BS,,,
0,330150,BS,,,
0,330160,BS,,{,
0,340010,BS,,i,
0,340020,BS,,{,
0,340030,BS,,Pnk,
0,340040,BS,,Pn,
0,340050,BS,,cn,
0,340060,BS,,ٓ,
0,340070,BS,,Pn,
0,340080,BS,,PnX֋,
0,340090,BS,,,
0,340110,BS,,^ik,
0,340120,BS,,Va@,
0,340125,BS,,CIsVbsOZ^[,
0,340130,BS,,c,
0,340210,BS,,},
0,340220,BS,,mR,
0,340230,BS,,u,
0,340240,BS,,}Vc,
0,340250,BS,,哇,
0,340260,BS,,O,
0,340270,BS,,Z,
0,340280,BS,,sk,
0,340290,BS,,lzgjNX,
0,340310,BS,,V,
0,340320,BS,,ߓa,
0,340330,BS,,CH,
0,340340,BS,,܌,
0,340410,BS,,̋{w,
0,340420,BS,,̋{,
0,340430,BS,,̋{k,
0,340440,BS,,̋{,
0,340450,BS,,̋{,
0,340460,BS,,̋{,
0,340470,BS,,r,
0,340480,BS,,rk,
0,340490,BS,,r,
0,340500,BS,,r,
0,340510,BS,,񌬉,
0,340520,BS,,c,
0,340530,BS,,V,
0,340540,BS,,V,
0,340610,BS,,M,
0,340620,BS,,,
0,340630,BS,,,
0,340640,BS,,YƓW,
0,340650,BS,,Γc,
0,340660,BS,,Γc,
0,340670,BS,,kk,
0,340680,BS,,k,
0,340690,BS,,k,
0,340700,BS,,}L쏊,
0,340710,BS,,lԊwZ,
0,340720,BS,,ے˓,
0,340730,BS,,ےˋ,
0,340740,BS,,ے˒,
0,340750,BS,,ے˒w,
0,340760,BS,,㐼,
0,340770,BS,,˒,
0,340780,BS,,JЕa@,
0,340790,BS,,,
0,340800,BS,,w,
0,340805,BS,,R,
0,340810,BS,,gE,
0,340820,BS,,`,
0,340830,BS,,Dz,
0,340840,BS,,,
0,340850,BS,,|pw,
0,340860,BS,,,
0,340860,BS,,Ba@O,uvoX▼ύX
0,340870,BS,,,
0,340880,BS,,YƓWٓ,
0,340890,BS,,,
0,340900,BS,,r,
0,340910,BS,,JЕa@,
0,340920,BS,,O,
0,341010,BS,,Xc,
0,341020,BS,,_c,
0,341030,BS,,̈Z^[k,
0,341040,BS,,̈Z^[,
0,341050,BS,,@},
0,341060,BS,,V,
0,341080,BS,,V,
0,341090,BS,,Og,
0,341100,BS,,VÏwZ,
0,341110,BS,,Vc,
0,341120,BS,,q,
0,341130,BS,,nSHcn,
0,341140,BS,,n,
0,341150,BS,,n,
0,341160,BS,,e,
0,341170,BS,,n,
0,341180,BS,,scncn,
0,341190,BS,,,
0,341200,BS,,,
0,341210,BS,,,
0,341300,BS,,l썂,
0,341410,BS,,T[,
0,350010,BS,,㓇k,
0,350020,BS,,Lʓ,
0,350110,BS,,吣,
0,350120,BS,,zؓ,
0,350130,BS,,lka@,
0,350140,BS,,哇,
0,350150,BS,,吣,
0,350200,BS,,BÃZ^[,
0,350210,BS,,AŌwZ,s삭`oX
0,350220,BS,,,s삭`oX
0,350230,BS,,ώu,s삭`oX
0,350240,BS,,mSHO,s삭`oX
0,350250,BS,,吣,s삭`oX
0,350260,BS,,scZ,s삭`oX
0,360010,BS,,Ԓrt,
0,360020,BS,,F,
0,360030,BS,,Lʐ,
0,360040,BS,,R,
0,360050,BS,,Lʒcn,
0,360060,BS,,Lʒcn,
0,360070,BS,,c勴,
0,360080,BS,,c,
0,360085,BS,,c쌴,
0,360090,BS,,c,
0,360091,BS,,,
0,360100,BS,,쐼,
0,360110,BS,,,
0,360120,BS,,꒚,
0,360130,BS,,񒚖,
0,360140,BS,,O,
0,360150,BS,,l,
0,360160,BS,,Õ,
0,360170,BS,,k,
0,360180,BS,,Ԍ,
0,360190,BS,,,
0,360200,BS,,@O,
0,360210,BS,,sO,
0,360220,BS,,lkZ,
0,360230,BS,,1,
0,360240,BS,,2,
0,370009,BS,,,
0,370010,BS,,ƋZ^[,
0,370020,BS,,쉺,
0,370030,BS,,쏬wZ,
0,370040,BS,,쒆,
0,370210,BS,,,
0,370220,BS,,NXgt@[w,
0,370230,BS,,핔@O,
0,370240,BS,,NXgt@[Z,
0,380010,BS,,lk,
0,380010,BS,,lk,ulkvoX▼ύX
0,380020,BS,,lk,
0,380020,BS,,lk,ulkvoX▼ύX
0,380030,BS,,w,
0,380040,BS,,h,
0,380050,BS,,lw,
0,380060,BS,,,
0,380070,BS,,,
0,380080,BS,,\Sa@,
0,380090,BS,,Vc,
0,380100,BS,,,
0,380110,BS,,,
0,380120,BS,,@t,
0,380140,BS,,V,
0,380150,BS,,V,
0,380160,BS,,ỉ,
0,380170,BS,,{ct,
0,380180,BS,,,
0,380190,BS,,{,
0,380200,BS,,{w,
0,380210,BS,,eʏwZ,
0,380220,BS,,eʒwZ,
0,380225,BS,,D،,
0,380230,BS,,a@,
0,380240,BS,,mJ,
0,380250,BS,,,
0,380260,BS,,AX`bN,
0,380270,BS,,Xь,
0,380280,BS,,o[hsAlk,
0,400010,BS,,lnra@,
0,400020,BS,,n,
0,400030,BS,,O_,
0,400040,BS,,O[^E,
0,400050,BS,,R,
0,400060,BS,,{,
0,400070,BS,,tWR[|[V,
0,400080,BS,,l,
0,400090,BS,,{cZ,
0,400100,BS,,{cZ,
0,400110,BS,,^N,
0,400120,BS,,u񒚖,
0,400130,BS,,cH,
0,400140,BS,,u,
0,400150,BS,,|@,
0,400160,BS,,uZn,
0,400170,BS,,scucn,
0,400180,BS,,bN^El,
0,400190,BS,,񗢎R,
0,400200,BS,,ccn,
0,400210,BS,,̌_,
0,400220,BS,,sccn,
0,410009,BS,,ڒ,
0,410010,BS,,k,
0,410020,BS,,,
0,410030,BS,,y,
0,410040,BS,,ԕa@O,
0,410050,BS,,,
0,410060,BS,,gn,
0,410070,BS,,ɓ,
0,410080,BS,,,
0,410090,BS,,c,
0,410100,BS,,㓇,
0,410220,BS,,,
0,410230,BS,,d,
0,410240,BS,,MzI,
0,410245,BS,,Ȃ䂽lk,
0,410250,BS,,MzI,
0,410260,BS,,lk,
0,410260,BS,,lk,ulkvoX▼ύX
0,410270,BS,,klw,
0,410280,BS,,{,
0,410290,BS,,{,
0,410300,BS,,lZ,
0,410310,BS,,,
0,410320,BS,,V,
0,410330,BS,,lk,
0,410340,BS,,,
0,410350,BS,,Ŗ{,
0,410360,BS,,C,
0,410370,BS,,C,
0,410380,BS,,␅,
0,410390,BS,,Xь,
0,410400,BS,,ڑ,
0,410410,BS,,ыƋZpZ^[,
0,410420,BS,,,
0,411010,BS,,R,
0,411020,BS,,ct,
0,411030,BS,,,
0,411040,BS,,ȂÂ,
0,411050,BS,,k,
0,411060,BS,,[,
0,411070,BS,,X~bNX,
0,411080,BS,,cK,
0,411090,BS,,,
0,411100,BS,,,
0,411110,BS,,,
0,411120,BS,,,
0,411130,BS,,V,
0,411140,BS,,V,
0,411150,BS,,Ղ,
0,411160,BS,,,
0,411170,BS,,쒆,
0,411180,BS,,,
0,411190,BS,,,
0,411200,BS,,t쒷,
0,411210,BS,,R,
0,411220,BS,,acVJ,
0,411230,BS,,Ht,
0,411240,BS,,ӂꂠ,
0,411250,BS,,t썂Z,
0,411260,BS,,xV,
0,411270,BS,,,
0,411280,BS,,ԑO,
0,411290,BS,,X֋,
0,411300,BS,,g,
0,411310,BS,,tԌ,
0,411320,BS,,͓,
0,411325,BS,,l,
0,411330,BS,,t쑍,
0,411330,BS,,tn掩Z^[,ut쑍voXύX
0,411410,BS,,RwZ,
0,411420,BS,,RwZ,
0,411430,BS,,h,
0,411440,BS,,,
0,411510,BS,,牺,
0,411520,BS,,{O,
0,411530,BS,,,
0,411540,BS,,璆,
0,411550,BS,,,
0,411610,BS,,Ht_,
0,411620,BS,,,
0,411630,BS,,HtR[,
0,420010,BS,,ыƋZpZ^[,
0,420020,BS,,Va@,
0,420030,BS,,Va@,
0,420040,BS,,H,
0,420045,BS,,fÏ,
0,420050,BS,,,
0,430010,BS,,Va@≺,
0,430020,BS,,n,
0,430021,BS,,Όb,
0,430022,BS,,Όb,
0,430023,BS,,Όb,
0,430025,BS,,剀,
0,430026,BS,,Ƃڋ,
0,430030,BS,,c,
0,430040,BS,,Γ,
0,430050,BS,,sO,
0,430060,BS,,J,
0,430070,BS,,J,
0,430080,BS,,J,
0,430090,BS,,,
0,430100,BS,,R{,
0,430110,BS,,,
0,430120,BS,,m,
0,430130,BS,,ꋴ,
0,430140,BS,,,
0,430150,BS,,ΐ_,
0,430160,BS,,ΐ_,
0,430170,BS,,ΐ_̗,
0,430180,BS,,s,
0,430190,BS,,,
0,430200,BS,,,
0,430210,BS,,㗎,
0,430220,BS,,㈢ÎsT[rXZ^[,
0,430230,BS,,,
0,430240,BS,,c,
0,430250,BS,,ÐΌ,
0,430260,BS,,,
0,430270,BS,,,
0,430280,BS,,mE,
0,430290,BS,,R,
0,430300,BS,,P,
0,430310,BS,,V,
0,430320,BS,,R,
0,430330,BS,,ZY,
0,430340,BS,,_,
0,430350,BS,,_,
0,430360,BS,,c,
0,430370,BS,,JAFxX,
0,430380,BS,,F,
0,430390,BS,,ܐԂ̗,
0,430400,BS,,n,
0,430410,BS,,F,
0,430420,BS,,{,
0,430430,BS,,Α,
0,430440,BS,,đ,
0,430450,BS,,n,
0,430470,BS,,n,
0,430480,BS,,_БO,
0,430490,BS,,OJ,
0,430500,BS,,wZ,
0,430510,BS,,wZ,
0,440010,BS,,,
0,440020,BS,,,
0,440030,BS,,Β,
0,440040,BS,,ΒÐ,
0,440050,BS,,R,
0,440060,BS,,R,
0,440070,BS,,~R,
0,440080,BS,,~R,
0,440090,BS,,JAHxX,
0,440100,BS,,,
0,440110,BS,,,
0,440120,BS,,V[,
0,440130,BS,,,
0,440140,BS,,Ll,
0,440151,BS,,Bӂő,
0,440160,BS,,LlX֋,
0,440170,BS,,Ll,
0,440210,BS,,e,
0,440220,BS,,VБO,
0,440230,BS,,,
0,440240,BS,,c,
0,440250,BS,,,
0,440260,BS,,匴,
0,440310,BS,,V{k,
0,440320,BS,,匴,
0,440330,BS,,匴cn,
0,440340,BS,,V,
0,440350,BS,,V,
0,440360,BS,,sv[,
0,440370,BS,,ÉYƑw,
0,440375,BS,,ÉYƑw,
0,440380,BS,,㉪ck,
0,440390,BS,,a,
0,440400,BS,,a,
0,440410,BS,,VssNjbN,
0,440420,BS,,֓cw,
0,441010,BS,,֓cꒆw,
0,441020,BS,,썂Z,
0,441030,BS,,NiZ^[,
0,441040,BS,,֓cx@,
0,441110,BS,,⒬,
0,441120,BS,,,
0,441130,BS,,}ّO,
0,441140,BS,,͌k,
0,441150,BS,,Vck,
0,441160,BS,,V,
0,441170,BS,,L,
0,441180,BS,,C,
0,441190,BS,,C,
0,441200,BS,,֓c,
0,441210,BS,,O@,
0,441220,BS,,Oc,
0,441230,BS,,Oc,
0,441240,BS,,⒆,
0,441250,BS,,,
0,441260,BS,,⒆,
0,441270,BS,,JAcxX,
0,441280,BS,,΃m,
0,441290,BS,,,
0,441300,BS,,J,
0,441310,BS,,J,
0,441320,BS,,J,
0,441330,BS,,|,
0,441340,BS,,,
0,441350,BS,,,
0,441360,BS,,,
0,441370,BS,,yq,
0,441380,BS,,_,
0,441390,BS,,L,
0,441400,BS,,᎛,
0,441410,BS,,_,
0,441420,BS,,_k,
0,441430,BS,,J,
0,441440,BS,,VJ,
0,441450,BS,,암,
0,441460,BS,,암{,
0,441470,BS,,I,
0,441480,BS,,_c,
0,441490,BS,,ɐ,
0,441500,BS,,򗴑勴,
0,441510,BS,,,
0,441520,BS,,񖓉w,
0,441530,BS,,x@,
0,450020,BS,,ِ,
0,450025,BS,,JAxX,
0,450030,BS,,씠,
0,450040,BS,,q,
0,450050,BS,,L,
0,450060,BS,,蒆,
0,450070,BS,,k,
0,450080,BS,,O,
0,450090,BS,,O쓌,
0,450100,BS,,Y,
0,451010,BS,,Ԓ,
0,451015,BS,,twZ,
0,451020,BS,,kZO,
0,451030,BS,,֓ck,
0,451040,BS,,Ԓ,
0,451050,BS,,iZ,
0,451060,BS,,o,
0,451070,BS,,o,
0,451080,BS,,員Ǖ,
0,451081,BS,,}nvۃOh,
0,451090,BS,,߂肠,
0,451100,BS,,͌,
0,451110,BS,,˃J,
0,451120,BS,,K,
0,451130,BS,,員,
0,451140,BS,,qˌ,
0,451150,BS,,㌴,
0,451160,BS,,員,
0,451170,BS,,,
0,451180,BS,,_,
0,451210,BS,,員cn,
0,451220,BS,,vۓ,
0,451230,BS,,}~,
0,451240,BS,,}~,
0,451250,BS,,扺,
0,451260,BS,,撆,
0,451270,BS,,,
0,451280,BS,,J,
0,451290,BS,,Fi,
0,451300,BS,,O,
0,451310,BS,,O,
0,451320,BS,,,
0,451330,BS,,ܓ,
0,451340,BS,,,
0,451350,BS,,,
0,451360,BS,,,
0,451370,BS,,R㒬,
0,451380,BS,,R,
0,451390,BS,,R,
0,460005,BS,,܈y,
0,460010,BS,,܈Ԍ,
0,460020,BS,,܈w,
0,460030,BS,,,
0,460040,BS,,܈䒆,
0,460050,BS,,iy,
0,460060,BS,,,
0,460080,BS,,،,
0,460090,BS,,,
0,460100,BS,,O,
0,460210,BS,,Ԃƒˌ,
0,460220,BS,,֓cx@O,
0,460230,BS,,ꌾ,
0,460240,BS,,㖜\,
0,460250,BS,,֓csLcx,
0,460260,BS,,X,
0,460270,BS,,m,
0,460280,BS,,Ԗk,
0,460290,BS,,tk,
0,460300,BS,,,
0,460310,BS,,ack,
0,460410,BS,,JЕa@,
0,460510,BS,,Ba@,
0,460510,BS,,Ւ,uBa@voX▼ύX
0,470010,BS,,j`AX,
0,470020,BS,,쒬,
0,470030,BS,,쒬,
0,470040,BS,,{,
0,470050,BS,,,
0,470060,BS,,ؒ,
0,470065,BS,,ŌwZO,
0,470070,BS,,܈䍂Z,
0,470075,BS,,܈䍂Z,
0,470080,BS,,_,
0,470090,BS,,,
0,470100,BS,,,
0,470110,BS,,Hȑw,
0,470120,BS,,ÉHȑw,
0,470130,BS,,񌬉,
0,470140,BS,,ʋ,
0,470150,BS,,@R,
0,470160,BS,,@≺,
0,470170,BS,,,
0,470180,BS,,,
0,470190,BS,,,
0,470200,BS,,,
0,470210,BS,,,
0,470220,BS,,܈䍂Z,
0,470230,BS,,쒆w,
0,470240,BS,,,
0,470250,BS,,Ζ,
0,470260,BS,,|[O,
0,470270,BS,,|[,
0,470280,BS,,,
0,470285,BS,,w,
0,470290,BS,,Ζ,
0,470300,BS,,,
0,470310,BS,,吼,
0,470320,BS,,,
0,470330,BS,,᎛,
0,470340,BS,,Ζ쓌,
0,470350,BS,,~,
0,470360,BS,,lM,
0,480210,BS,,,
0,480220,BS,,Ԓˋ,
0,480230,BS,,nJ,
0,480240,BS,,O,
0,480250,BS,,RwZ,
0,480260,BS,,t,
0,490010,BS,,쌴,
0,490020,BS,,,
0,490030,BS,,c,
0,490040,BS,,iViO,
0,490050,BS,,Vr,
0,490060,BS,,,
0,490070,BS,,c,
0,490080,BS,,Vr,
0,490090,BS,,܈,
0,490140,BS,,_O,
0,490150,BS,,c,
0,490160,BS,,c,
0,490170,BS,,O咬,
0,500010,BS,,{Ԍ,
0,500020,BS,,|s{x,
0,500030,BS,,Ԓ,
0,500040,BS,,,
0,500050,BS,,Ԓ,
0,500060,BS,,c,
0,500065,BS,,ےr,
0,500070,BS,,Vc,
0,500080,BS,,,
0,500090,BS,,},
0,500100,BS,,},
0,500110,BS,,Y,
0,500120,BS,,,
0,500130,BS,,,
0,500140,BS,,Ll,
0,500150,BS,,ӂő,
0,500160,BS,,cԑO,
0,500170,BS,,ccƏ,
0,500180,BS,,ce,
0,500190,BS,,֓cscx,
0,500200,BS,,ʂ,
0,500210,BS,,O,
0,500220,BS,,V,
0,500230,BS,,,
0,500240,BS,,Vc,
0,500250,BS,,c,
0,500260,BS,,lk,
0,500270,BS,,Lk,
0,500280,BS,,L,
0,500290,BS,,k,
0,500300,BS,,CVk,
0,500310,BS,,,
0,500410,BS,,V,
0,500420,BS,,V,
0,500430,BS,,Lk,
0,500440,BS,,L,
0,500450,BS,,蓰,
0,500460,BS,,,
0,500470,BS,,_,
0,500471,BS,,,
0,500480,BS,,,
0,500490,BS,,CV,
0,500500,BS,,,
0,500510,BS,,JAYxX,
0,500520,BS,,,
0,500530,BS,,,
0,500540,BS,,,
0,500610,BS,,V,
0,500620,BS,,,
0,500630,BS,,Cq,
0,500640,BS,,{,
0,500650,BS,,{,
0,500651,BS,,Lcw,
0,500660,BS,,{,
0,500670,BS,,Ԓr,
0,500680,BS,,m,
0,500690,BS,,{{,
0,500700,BS,,؏,
0,500710,BS,,,
0,500720,BS,,Ƃ,
0,500730,BS,,mϓdk,
0,500740,BS,,mϓd,
0,500750,BS,,Ȃ̖؉,
0,500760,BS,,Βcn,
0,500770,BS,,֓csmx,
0,500780,BS,,,
0,500790,BS,,,
0,500800,BS,,H,
0,500810,BS,,mwZ,
0,500820,BS,,|,
0,500830,BS,,͗,
0,500840,BS,,,
0,500850,BS,,,
0,500860,BS,,,
0,500870,BS,,Ð,
0,500880,BS,,{,
0,500890,BS,,Ɏ,
0,500900,BS,,ː,
0,500910,BS,,Hcw,
0,500920,BS,,,
0,500925,BS,,,
0,500930,BS,,],
0,500940,BS,,ANgVeB,
0,501010,BS,,當,
0,501020,BS,,當ِ,
0,501030,BS,,d,
0,501040,BS,,]ω,
0,501050,BS,,],
0,501060,BS,,ی,
0,501070,BS,,ی,
0,501080,BS,,菼,
0,501090,BS,,≺,
0,501100,BS,,cZ,
0,501110,BS,,꒚,
0,501120,BS,,Z^[,
0,501130,BS,,O,
0,501140,BS,,cn,
0,501150,BS,,Γ,
0,510080,BS,,L,
0,510090,BS,,,
0,510100,BS,,cnk,
0,510110,BS,,s,
0,510120,BS,,V萼,
0,510130,BS,,Z,
0,510140,BS,,V,
0,510150,BS,,V蓌,
0,510155,BS,,Ђ傤r,
0,510160,BS,,L˖k,
0,510170,BS,,}n,
0,510180,BS,,}n@,
0,510190,BS,,n,
0,510200,BS,,v,
0,510210,BS,,XYL֓cH,
0,510220,BS,,NTN֓c쏊,
0,510230,BS,,L,
0,510240,BS,,,
0,510250,BS,,V,
0,510260,BS,,VZ,
0,510270,BS,,Vk,
0,510280,BS,,V,
0,510290,BS,,V,
0,510300,BS,,cZ,
0,510310,BS,,Vo,
0,510320,BS,,񐣋,
0,510330,BS,,H,
0,510340,BS,,,
0,510350,BS,,Hk,
0,510360,BS,,ËHxX,
0,510370,BS,,,
0,510380,BS,,܈sHx,
0,510390,BS,,Hw,
0,520010,BS,,lk勴,
0,520020,BS,,Lcn,
0,520030,BS,,OƓ,
0,520040,BS,,LZ^[O,
0,520050,BS,,ђn,
0,520060,BS,,Lw,
0,520070,BS,,Lw,
0,520080,BS,,T,
0,520090,BS,,yn,
0,520100,BS,,~n,
0,520110,BS,,JA~nxX,
0,520120,BS,,LwZ,
0,520130,BS,,⎺,
0,520140,BS,,s,
0,520150,BS,,q@,
0,520160,BS,,q@,
0,520170,BS,,LVc,
0,520180,BS,,,
0,520190,BS,,|,
0,520200,BS,,,
0,530010,BS,,,
0,530020,BS,,Xc,
0,530030,BS,,艮VbsOZ^[,
0,530040,BS,,,
0,530050,BS,,,
0,530060,BS,,,
0,530070,BS,,sT[rXZ^[,
0,530080,BS,,T[rXZ^[,
0,530090,BS,,,
0,530100,BS,,,
0,530110,BS,,wZ,
0,530120,BS,,XYL,
0,530130,BS,,˓,
0,530140,BS,,,
0,530150,BS,,ː,
0,530160,BS,,,
0,530170,BS,,,
0,530180,BS,,D,
0,530190,BS,,c,
0,530200,BS,,wZ,
0,530210,BS,,؈Vc,
0,530220,BS,,؈䓌,
0,530230,BS,,؈,
0,530240,BS,,؈䐼,
0,530250,BS,,nSω,
0,530260,BS,,nS,
0,530270,BS,,nS,
0,530280,BS,,nS,
0,530285,BS,,nSԌ,
0,530290,BS,,㓌,
0,530295,BS,,lck,
0,530300,BS,,͍y핑H,
0,530310,BS,,lc,
0,530320,BS,,㒆w,
0,530330,BS,,㓔,
0,530340,BS,,ct,
0,530350,BS,,LO,
0,530360,BS,,Ɖ,
0,530370,BS,,㐼,
0,530380,BS,,㑍,
0,530380,BS,,n掩Z^[,u㑍voX▼ύX
0,530390,BS,,V,
0,530400,BS,,V,
0,530410,BS,,㏬wZ,
0,530420,BS,,ٓV,
0,530430,BS,,VٓV,
0,530440,BS,,l,
0,530450,BS,,,
0,530460,BS,,,
0,530470,BS,,Vw,
0,530480,BS,,Vh,
0,530490,BS,,֏,
0,530500,BS,,V,
0,530510,BS,,cn,
0,530520,BS,,OcJ,
0,530530,BS,,,
0,530540,BS,,joX,
0,530550,BS,,ΐa@,
0,530560,BS,,,
0,530570,BS,,hÉw,
0,530580,BS,,h,
0,530590,BS,,{O,
0,530591,BS,,ΐs,
0,530600,BS,,ΐs,
0,530610,BS,,lΓd,
0,530620,BS,,K,
0,530630,BS,,}q,
0,530640,BS,,m,
0,530650,BS,,,
0,530660,BS,,V,
0,530670,BS,,Vct,
0,530680,BS,,V,
0,530690,BS,,ΐ,
0,530700,BS,,͉Y,
0,530710,BS,,,
0,530720,BS,,ٍ,
0,530730,BS,,o,
0,530740,BS,,o,
0,530750,BS,,,
0,530901,BS,,O,
0,531010,BS,,li,
0,540010,BS,,R,
0,540020,BS,,V,
0,540030,BS,,Vꐼ,
0,540210,BS,,~̖؍,
0,540220,BS,,c,
0,540230,BS,,c,
0,540240,BS,,ԃmRZ,
0,540250,BS,,mgc,
0,540260,BS,,mg,
0,540270,BS,,,
0,540280,BS,,,
0,540290,BS,,],
0,540300,BS,,R,
0,540310,BS,,lΐ,
0,540320,BS,,Xel,
0,540330,BS,,,
0,540340,BS,,,
0,540350,BS,,l΃[NTChvU,
0,540360,BS,,ʂ,
0,540370,BS,,Ow,
0,540380,BS,,O_,
0,541010,BS,,,
0,541020,BS,,J,
0,541030,BS,,ؐ,
0,541040,BS,,啟Z,
0,541050,BS,,啟,
0,541070,BS,,{,
0,541080,BS,,d뎛,
0,541090,BS,,_,
0,541100,BS,,OZ,
0,541110,BS,,,
0,541120,BS,,,
0,541130,BS,,,
0,541140,BS,,{⋴,
0,541150,BS,,{,
0,542010,BS,,O,
0,542020,BS,,~,
0,542030,BS,,OJ,
0,550010,BS,,,
0,550020,BS,,ct,
0,550030,BS,,}qk,
0,550040,BS,,JǍxX,
0,550050,BS,,ZO,
0,550060,BS,,V,
0,550070,BS,,~c,
0,550080,BS,,~ck,
0,550090,BS,,,
0,550100,BS,,\j[O,
0,550110,BS,,}q,
0,550120,BS,,}q,
0,550130,BS,,牺cn,
0,550140,BS,,{k,
0,550150,BS,,{,
0,550160,BS,,{ct,
0,550170,BS,,{꓌,
0,550180,BS,,tcn,
0,550190,BS,,{,
0,550200,BS,,V,
0,550210,BS,,m{,
0,550220,BS,,s,
0,550230,BS,,K,
0,550250,BS,,Ì,
0,550260,BS,,hÊwZO,
0,550270,BS,,hÉh,
0,550280,BS,,hÖ{,
0,550500,BS,,qˌ,
0,550510,BS,,VR,
0,550520,BS,,V{,
0,550530,BS,,VO,
0,550540,BS,,R,
0,550550,BS,,Vw,
0,550560,BS,,V,
0,550570,BS,,VZg,
0,550580,BS,,Zg,
0,550590,BS,,Ђ΂胖u,
0,550600,BS,,VٓV,
0,550610,BS,,{wZO,
0,560010,BS,,xmP,
0,560020,BS,,xmQ,
0,560030,BS,,xmwZ,
0,560040,BS,,V_,
0,560050,BS,,V_БO,
0,560060,BS,,{,
0,560070,BS,,΃Pu,
0,560080,BS,,k,
0,560090,BS,,}nvۃOh,
0,560095,BS,,B̉,
0,560100,BS,,員l,
0,560110,BS,,֓csa@,
0,600010,BS,,coXP,
0,600020,BS,,̂,
0,600030,BS,,Ԕ,
0,600040,BS,,en,
0,600050,BS,,Y,
0,600060,BS,,YP,
0,600070,BS,,ƋP,
0,660010,BS,,,EE [v
0,660020,BS,,撬,EE [v
0,660030,BS,,撬,EE [v
0,660040,BS,,,EE /[v
0,660050,BS,,ËlxX,EE /[v
0,660050,BS,,Ëlcƕ,EE /[v uËlxXvoX▼ύX
0,660060,BS,,cʂk,EE [v
0,660070,BS,,̖3,EE [v
0,660080,BS,,rIc,EE [v
0,660090,BS,,rʂ,EE [v
0,660100,BS,,Ƌ{,EE /[v
0,660110,BS,,k,EE /[v
0,660120,BS,,jElhwO,EE [v
0,660130,BS,,|,EE /[v
0,660140,BS,,wʂk,EE [v
0,660150,BS,,ʂ蓌,EE [v
0,660160,BS,,n,EE /[v
0,660170,BS,,vU,EE /[v
0,660180,BS,,nZ^[k,EE [v
0,660180,BS,,ٔ,EE [v unZ^[kvoX▼ύX
0,660190,BS,,ɖk,EE [v
0,660200,BS,,ZɑO,EE [v
0,660210,BS,,},EE [v
0,660220,BS,,wʂ,EE 샋[v
0,660230,BS,,Rʂk,EE 샋[v
0,660240,BS,,Rʂ,EE 샋[v
0,660260,BS,,n[[Nk,EE 샋[v
0,660270,BS,,암,EE 샋[v
0,660280,BS,,CV˒,EE 샋[v
0,660290,BS,,CV˗X֋ǑO,EE 샋[v
0,660300,BS,,CVˈ꒚ړ,EE 샋[v
0,660310,BS,,쏬wZO,EE 샋[v
0,660320,BS,,CVˈ꒚ږk,EE 샋[v
0,660330,BS,,𗬃Z^[,EE 샋[v
0,660340,BS,,,EE 샋[v
0,660350,BS,,c,EE 샋[v
0,660360,BS,,ʂ,EE 샋[v
0,660370,BS,,Β,EE 샋[v
0,660380,BS,,Ba@,EE [v
0,720010,BS,,E,
0,720020,BS,,Ew,
0,720030,BS,,EیZ^[,
0,720040,BS,,E,
0,720040,BS,,En掩Z^[,uEvoX▼ύX
0,720050,BS,,E{,
0,720060,BS,,E,
0,720070,BS,,,
0,720080,BS,,,
0,720090,BS,,@,
0,720100,BS,,鐼{,
0,720110,BS,,FO,
0,720120,BS,,鐼wO,
0,720130,BS,,؊J,
0,720140,BS,,,
0,720150,BS,,鐼,
0,720160,BS,,wO,
0,720170,BS,,,
0,720180,BS,,Ô,
0,720190,BS,,,
0,720200,BS,,K,
0,720210,BS,,RJ,
0,720230,BS,,[,
0,720240,BS,,RꏬwZO,
0,720250,BS,,,
0,720260,BS,,,
0,720270,BS,,,
0,720280,BS,,ތ,
0,720290,BS,,_,
0,720300,BS,,Ht,
0,720320,BS,,R,
0,720330,BS,,R,
0,720340,BS,,RwZO,
0,720350,BS,,RԌ,
0,720370,BS,,JR,
0,720380,BS,,ԑ,
0,720390,BS,,,
0,720400,BS,,,
0,720410,BS,,,
0,720420,BS,,ɍ,
0,720430,BS,,D,
0,720440,BS,,,
0,720450,BS,,d,
0,720460,BS,,uwZO,
0,720470,BS,,ďH,
0,720480,BS,,,
0,720490,BS,,,
0,720500,BS,,sV,
0,720510,BS,,,
0,720520,BS,,q,
0,720530,BS,,,
0,720540,BS,,,
0,720550,BS,,],
0,720560,BS,,q,
0,720570,BS,,q,
0,720580,BS,,n,
0,720590,BS,,_,
0,720600,BS,,瑐,
0,720610,BS,,,
0,720620,BS,,,
0,720630,BS,,I,
0,720640,BS,,c,
0,720650,BS,,匴,
0,720660,BS,,,
0,720670,BS,,,
0,720680,BS,,uwZO,
0,750010,BS,,֓cw e,
0,750020,BS,,lw e,
0,750030,BS,,zeRRhl,
0,750040,BS,,lICe,
0,750050,BS,,{cZ e,
0,750060,BS,,O,
0,750070,BS,,uԏ,
0,750080,BS,,LIC,
0,750090,BS,,ԒSA,
0,750100,BS,,HSIC,
0,750110,BS,,SA,
0,750120,BS,,IC,
0,750130,BS,,LcJCT,
0,750140,BS,,LcIC,
0,750150,BS,,LIC,
0,750160,BS,,ÉIC,
0,750180,BS,,{CIC,
0,750190,BS,,vIC,
0,750200,BS,,vPA,
0,750210,BS,,cJCT,
0,750220,BS,,ۋ`ZgA,
0,750230,BS,,YmIC,
0,750240,BS,,}nO,
0,750250,BS,,{IC,
0,750260,BS,,c튊IC,
0,750270,BS,,񂭂IC,
0,750280,BS,,֓ccƏe,
0,750290,BS,,֓cICe,
0,750300,BS,,_~[֓cIce,
0,750310,BS,,|Ice,
0,750320,BS,,_~[|ICe,
0,750330,BS,,lke,
0,790000,BS,,H,
0,790010,BS,,󒆑O,
0,790020,BS,,Vx,
0,790030,BS,,~R,
0,790040,BS,,R,
0,790050,BS,,Vc,
0,790060,BS,,,
0,790070,BS,,},
0,790080,BS,,B&Gv|,
0,790090,BS,,},
0,790100,BS,,,
0,790110,BS,,,
0,790120,BS,,,
0,790130,BS,,Y,
0,790140,BS,,쏬O,
0,790150,BS,,~R,
0,790160,BS,,,
0,790170,BS,,,
0,790180,BS,,,
0,790190,BS,,LlX֋,
0,790200,BS,,x,
0,790210,BS,,x,
0,790220,BS,,ctO,
0,790230,BS,,,
0,790240,BS,,pfB,
0,790250,BS,,kO,
0,790260,BS,,,
0,790270,BS,,HO,
0,790280,BS,,_,
0,790290,BS,,a,
0,790300,BS,,{,
0,790310,BS,,,
0,790320,BS,,k,
0,790330,BS,,a̓,
0,790340,BS,,_,
0,790350,BS,,R̎,
0,790360,BS,,O,
0,790370,BS,,kړIL,
0,790380,BS,,,
0,790390,BS,,R,
0,790400,BS,,YO,
0,790410,BS,,ËHxX,
0,790420,BS,,󉪖k,
0,790430,BS,,,
0,790440,BS,,J,
0,790450,BS,,,
0,790460,BS,,іn,
0,790470,BS,,k,
0,790480,BS,,n,
0,790490,BS,,HX֋,
0,790500,BS,,V{Hi,
0,790510,BS,,T̏,
0,790520,BS,,150,
0,790530,BS,,150,
0,790540,BS,,~R,
0,790550,BS,,i`HxX,
0,790560,BS,,V[,
0,790570,BS,,x,
0,790580,BS,,O֌,
0,790590,BS,,,
0,790600,BS,,O,
0,790610,BS,,암NvU,
0,790620,BS,,_,
0,790640,BS,,,
0,790650,BS,,,
0,790660,BS,,܈w,
0,790670,BS,,Vr,
0,790680,BS,,܈,
0,790690,BS,,Vr,
0,800010,BS,,֓csLcx,
0,800020,BS,,A~[YLc,
0,800030,BS,,V,
0,800040,BS,,,
0,800050,BS,,̓,
0,800060,BS,,Vc,
0,800070,BS,,̓,
0,800080,BS,,БO,
0,800090,BS,,X,
0,800100,BS,,,
0,800110,BS,,X{,
0,800120,BS,,Ԓr,
0,800130,BS,,Ԓr,
0,800140,BS,,{,
0,800150,BS,,Lcw,
0,800160,BS,,̔,
0,800170,BS,,쒆wZ,
0,800180,BS,,{̈F,
0,800190,BS,,㖜\,
0,800200,BS,,퓡,
0,800210,BS,,V,
0,800220,BS,,rc,
0,800230,BS,,,
0,800240,BS,,F,
0,800250,BS,,rc,
0,800260,BS,,ː,
0,800270,BS,,˖k,
0,800280,BS,,Vc,
0,800290,BS,,xHƒcn,
0,800300,BS,,␼,
0,800310,BS,,C,
0,800320,BS,,≺,
0,800330,BS,,C꓌,
0,800340,BS,,C꓌,
0,800350,BS,,Γ,
0,800360,BS,,kٓ,
0,800370,BS,,kwZk,
0,800380,BS,,ΐ,
0,800390,BS,,ΐ,
0,800400,BS,,V,
0,801020,BS,,X,
0,801030,BS,,쏬wZ,
0,801040,BS,,鏬wZ,
0,801050,BS,,c,
0,801060,BS,,HZ^[,
0,801070,BS,,Cq,
0,801080,BS,,,
0,801090,BS,,CV,
0,801100,BS,,\,
0,801110,BS,,ꌾ,
0,801120,BS,,ꌾ,
0,801130,BS,,Oۈ珊,
0,801140,BS,,ꌾ,
0,801150,BS,,Ή^,
0,801160,BS,,ΐ쌴,
0,801170,BS,,퓡,
0,801180,BS,,ꌾk,
0,801190,BS,,ꌾk,
0,801200,BS,,xu,
0,801210,BS,,xuVc,
0,801220,BS,,LcC^[k,
0,801230,BS,,,
0,801240,BS,,Lc,
0,801250,BS,,,
0,801260,BS,,k,
0,801270,BS,,u,
0,801280,BS,,BLcp[LO,
0,801290,BS,,wZ,
0,801300,BS,,xuL,
0,801310,BS,,Γ,
0,801320,BS,,kۈ珊,
0,801330,BS,,LcwZ,
0,801340,BS,,Y,
0,801350,BS,,Cq,
0,801360,BS,,Cq,
0,801370,BS,,{,
0,801380,BS,,{,
0,801390,BS,,ΐk,
0,801400,BS,,ˌO,
0,801410,BS,,Cꐼ,
0,801420,BS,,x_O,
0,801430,BS,,CWO,
0,801440,BS,,O@,
0,801450,BS,,C,
0,801460,BS,,L,
0,801470,BS,,V,
0,801480,BS,,,
0,801490,BS,,u,
0,801500,BS,,Iʏ꓌,
0,801510,BS,,員2O,
0,801520,BS,,PZ^[,
0,801530,BS,,ӂw,
0,801540,BS,,֓cv[,
0,801550,BS,,֓csa@,
0,801560,BS,,˃PJ,
0,810010,BS,,S֓ccƏ,
0,810020,BS,,䌴,
0,810030,BS,,XYL֓c,
0,810040,BS,,䌴k,
0,810050,BS,,},
0,810060,BS,,}|V,
0,810070,BS,,}V,
0,810080,BS,,֓csa@,
0,810090,BS,,˃PJ,
0,810100,BS,,ӂwO,
0,810110,BS,,֓cHƒcn,
0,810120,BS,,c_Љ,
0,810130,BS,,⒆,
0,810140,BS,,,
0,810150,BS,,⒆,
0,810160,BS,,JAcxX,
0,810170,BS,,_БO,
0,810180,BS,,㐼,
0,810190,BS,,c,
0,810200,BS,,vۓ,
0,810210,BS,,}~,
0,810220,BS,,}~,
0,810230,BS,,c,
0,810240,BS,,},
0,810250,BS,,},
0,810260,BS,,,
0,810270,BS,,߃Pr,
0,810280,BS,,PJ,
0,810290,BS,,c,
0,810300,BS,,P,
0,810310,BS,,VL,
0,810320,BS,,B,
0,810330,BS,,e,
0,810340,BS,,Vo,
0,810350,BS,,V,
0,810360,BS,,~,
0,810370,BS,,񉓏B̉,
0,810380,BS,,L,
0,810390,BS,,l,
0,810400,BS,,V,
0,810410,BS,,V,
0,810420,BS,,cnk,
0,810430,BS,,c,
0,810440,BS,,,
0,810450,BS,,V,
0,810460,BS,,۔_wl̉,
0,810470,BS,,匴,
0,810475,BS,,匴,
0,810480,BS,,匴,
0,810490,BS,,ac,
0,810500,BS,,V{l,
0,810510,BS,,V{,
0,810520,BS,,,
0,810530,BS,,֓cw,
0,810540,BS,,,
0,810550,BS,,,
0,810560,BS,,֓cs,
0,810570,BS,,h,
0,810580,BS,,Ό,
0,810590,BS,,V,
0,810600,BS,,V,
0,810605,BS,,V,
0,810610,BS,,֓cv[,
0,810620,BS,,^,
0,810630,BS,,{,
0,810640,BS,,O쒆,
0,810650,BS,,k,
0,810660,BS,,,
0,810670,BS,,,
0,810680,BS,,蓌,
0,810690,BS,,,
0,810700,BS,,J,
0,810710,BS,,J,
0,810720,BS,,JVc,
0,810730,BS,,J,
0,810740,BS,,J,
0,810750,BS,,J,
0,810760,BS,,,
0,810770,BS,,΃m,
0,810780,BS,,a,
0,810790,BS,,,
0,810800,BS,,ccƏ,
0,810810,BS,,e,
0,810820,BS,,O,
0,810830,BS,,,
0,810840,BS,,cR~jeBZ^,
0,820010,BS,,cN,
0,820015,BS,,ca@,
0,820020,BS,,cVc,
0,820030,BS,,{c,
0,820040,BS,,c,
0,820050,BS,,VБO,
0,820060,BS,,14Ԍ,
0,820070,BS,,V,
0,820080,BS,,,
0,820090,BS,,֓cscx,
0,820100,BS,,ce,
0,820110,BS,,SccƏ,
0,820120,BS,,Ll̈,
0,820130,BS,,Ll,
0,820140,BS,,,
0,820150,BS,,,
0,820160,BS,,Ll,
0,820170,BS,,ӂő,
0,820180,BS,,ӂő,
0,820190,BS,,,
0,820200,BS,,e,
0,820210,BS,,`,
0,820220,BS,,,
0,820230,BS,,cR~jeB[Z^[,
0,820240,BS,,c,
0,820250,BS,,Γc,
0,820260,BS,,Vc,
0,820270,BS,,c,
0,820280,BS,,c,
0,820290,BS,,,
0,820300,BS,,gr,
0,820310,BS,,vUӂ,
0,820320,BS,,JAcxX,
0,820330,BS,,cX֋,
0,820340,BS,,,
0,820350,BS,,匴,
0,820360,BS,,匴cn,
0,820370,BS,,c扑,
0,820380,BS,,a,
0,820390,BS,,O,
0,820400,BS,,,
0,820410,BS,,cR~jeB[Z^[,
0,830010,BS,,Vl,
0,830020,BS,,ʂ,
0,830030,BS,,Ba@O,
0,830030,BS,,Ba@,uBa@OvwύX
0,830040,BS,,,
0,830050,BS,,M,
0,830060,BS,,Bgn,
0,830070,BS,,B㓇,
0,830080,BS,,ԊwZO,
0,830090,BS,,݂̂,
0,830100,BS,,ώu,
0,830110,BS,,B,
0,830120,BS,,B,
0,830130,BS,,lk,
0,830140,BS,,klwZO,
0,830150,BS,,B,
0,830160,BS,,BŖ{,
0,830170,BS,,B␅,
0,830180,BS,,,
0,850010,BS,,Vw,
0,850020,BS,,,
0,850030,BS,,vԔdO,
0,850040,BS,,vԉw,
0,850050,BS,,,
0,850060,BS,,,
0,850070,BS,,a,
0,850080,BS,,,
0,850090,BS,,v,
0,850100,BS,,,
0,850110,BS,,,
0,850120,BS,,n,
0,850130,BS,,̑,
0,850140,BS,,ˌ,
0,850150,BS,,a,
0,850160,BS,,],
0,850170,BS,,ԏ,
0,850180,BS,,Ńm,
0,850190,BS,,,
0,850200,BS,,vԕa@,
0,850210,BS,,vԍZ,
0,850220,BS,,vԃ_,
